2025-02-15 21:50:22,VolcMiner D1 Hydro,LTC,30G,7600W,253W/G,0.04940994,$57.15,$10.94,$46.21,$0.00,19%
2025-02-15 21:50:23,ElphaPex DG Hydro 1,LTC,20G,6200W,310W/G,0.03293996,$38.10,$8.93,$29.17,$0.00,23%
2025-02-15 21:50:23,VolcMiner D1,LTC,18.5G,4250W,230W/G,0.03046946,$35.24,$6.12,$29.12,$0.00,17%
2025-02-15 21:50:24,Antminer L9,LTC,16G,3360W,210W/G,0.02635197,$30.48,$4.84,$25.64,$0.00,16%
2025-02-15 21:50:24,Goldshell AE BOX,ALEO,37M,360W,9.7W/M,52.03283431ALEO,$23.60,$0.5184,$23.08,$0.01,2%
2025-02-15 21:50:25,ElphaPex DG1+,LTC,14.4G,3888W,270W/G,0.02371677,$27.43,$5.60,$21.83,$0.00,20%
2025-02-15 21:50:25,VolcMiner D1 Lite,LTC,14G,4150W,296W/G,0.02305797,$26.67,$5.98,$20.69,$0.00,22%
2025-02-15 21:50:26,Antminer S21 XP Hyd.,BTC,473T,5676W,12.0W/T,0.00026226BTC,$25.61,$8.17,$17.44,$31165.41,32%
2025-02-15 21:50:26,ElphaPex DG1,LTC,11G,3420W,311W/G,0.01811698,$20.95,$4.92,$16.03,$0.00,24%
2025-02-15 21:50:27,Antminer S21e XP Hyd.,BTC,430T,5590W,13.0W/T,0.00023842BTC,$23.28,$8.05,$15.23,$33762.27,35%
2025-02-15 21:50:27,Antminer L7,LTC,9.5G,3425W,361W/G,0.01564648,$18.10,$4.93,$13.17,$0.00,27%
2025-02-15 21:50:28,Teraflux AI3680,BTC,365T,5475W,15.0W/T,0.00020238BTC,$19.76,$7.88,$11.88,$38956.42,40%
2025-02-15 21:50:28,Whatsminer M63S(390T),BTC,390T,7215W,18.5W/T,0.00021624BTC,$21.11,$10.39,$10.72,$48046.61,49%
2025-02-15 21:50:28,BOMBAX EZ100-PRO,ETC,15500M,3100W,0.2W/M,0.70835474ETC,$15.01,$4.46,$10.55,$5.81,30%
2025-02-15 21:50:29,Antminer S21 Hyd.,BTC,335T,5360W,16.0W/T,0.00018574BTC,$18.14,$7.72,$10.42,$41554.86,43%
2025-02-15 21:50:29,Antminer S21 XP Imm.,BTC,300T,4050W,13.5W/T,0.00016634BTC,$16.24,$5.83,$10.41,$35060.72,36%
2025-02-15 21:50:30,Antminer S21+ Hyd.,BTC,319T,4785W,15.0W/T,0.00017687BTC,$17.27,$6.89,$10.38,$38957.43,40%
2025-02-15 21:50:30,Whatsminer M63S(360T),BTC,360T,6660W,18.5W/T,0.00019960BTC,$19.49,$9.59,$9.90,$48048.10,49%
2025-02-15 21:50:31,Antminer S21 XP,BTC,270T,3645W,13.5W/T,0.00014970BTC,$14.62,$5.25,$9.37,$35062.12,36%
2025-02-15 21:50:31,Whatsminer M63(366T),BTC,366T,7283W,19.9W/T,0.00020293BTC,$19.82,$10.49,$9.33,$51680.48,53%
2025-02-15 21:50:32,BOMBAX EZ100,ETC,12500M,2300W,0.2W/M,0.57125382ETC,$12.10,$3.31,$8.79,$5.30,27%
2025-02-15 21:50:32,Whatsminer M63(334T),BTC,334T,6647W,19.9W/T,0.00018519BTC,$18.08,$9.57,$8.51,$51685.73,53%
2025-02-15 21:50:33,FLUMINER L1,LTC,5.3G,1200W,226W/G,0.00872909,$10.10,$1.73,$8.37,$0.00,17%
2025-02-15 21:50:33,Whatsminer M66S(298T),BTC,298T,5513W,18.5W/T,0.00016523BTC,$16.13,$7.94,$8.19,$48046.48,49%
2025-02-15 21:50:34,Teraflux AT2880,BTC,260T,4160W,16.0W/T,0.00014416BTC,$14.08,$5.99,$8.09,$41553.83,43%
2025-02-15 21:50:34,Antminer S21Pro,BTC,234T,3510W,15.0W/T,0.00012974BTC,$12.67,$5.05,$7.62,$38957.92,40%
2025-02-15 21:50:35,Xuan C1,ETC,12600M,3300W,0.3W/M,0.57582385ETC,$12.20,$4.75,$7.45,$7.76,39%
2025-02-15 21:50:35,Whatsminer M66S(270T),BTC,270T,4995W,18.5W/T,0.00014970BTC,$14.62,$7.19,$7.43,$48048.10,49%
2025-02-15 21:50:36,Goldshell DG MAX,LTC,6.5G,3450W,531W/G,0.01070549,$12.38,$4.97,$7.41,$0.00,40%
2025-02-15 21:50:36,Whatsminer M66(280T),BTC,280T,5572W,19.9W/T,0.00015525BTC,$15.16,$8.02,$7.14,$51682.32,53%
2025-02-15 21:50:37,Whatsminer M53S++,BTC,312T,6864W,22.0W/T,0.00017299BTC,$16.89,$9.88,$7.01,$57137.18,59%
2025-02-15 21:50:37,Avalon A1566I,BTC,249T,4500W,18.1W/T,0.00013806BTC,$13.48,$6.48,$7.00,$46936.11,48%
2025-02-15 21:50:38,Antminer S21 Imm.,BTC,215T,3440W,16.0W/T,0.00011921BTC,$11.64,$4.95,$6.69,$41553.56,43%
2025-02-15 21:50:38,Antminer S21+,BTC,216T,3564W,16.5W/T,0.00011976BTC,$11.69,$5.13,$6.56,$42853.71,44%
2025-02-15 21:50:38,Antminer S19 XP Hyd.,BTC,255T,5304W,20.8W/T,0.00014139BTC,$13.81,$7.64,$6.17,$54019.10,55%
2025-02-15 21:50:39,Whatsminer M66(238T),BTC,238T,4736W,19.9W/T,0.00013196BTC,$12.89,$6.82,$6.07,$51681.12,53%
2025-02-15 21:50:39,Teraflux AI2500,BTC,250T,5250W,21.0W/T,0.00013861BTC,$13.53,$7.56,$5.97,$54541.52,56%
2025-02-15 21:50:40,Antminer S21,BTC,200T,3500W,17.5W/T,0.00011089BTC,$10.83,$5.04,$5.79,$45450.45,47%
2025-02-15 21:50:40,Whatsminer M56S++,BTC,254T,5588W,22.0W/T,0.00014083BTC,$13.75,$8.05,$5.70,$57137.83,59%
2025-02-15 21:50:41,Antminer S19e XP Hyd.,BTC,251T,5522W,22.0W/T,0.00013917BTC,$13.59,$7.95,$5.64,$57136.45,59%
2025-02-15 21:50:41,Whatsminer M60S(186T),BTC,186T,3441W,18.5W/T,0.00010313BTC,$10.07,$4.96,$5.11,$48046.54,49%
2025-02-15 21:50:42,Avalon A1566,BTC,185T,3420W,18.5W/T,0.00010257BTC,$10.02,$4.92,$5.10,$48014.04,49%
2025-02-15 21:50:42,Antminer T21,BTC,190T,3610W,19.0W/T,0.00010535BTC,$10.29,$5.20,$5.09,$49344.09,51%
2025-02-15 21:50:43,Antminer KS5 Pro,KAS,21T,3150W,150W/T,86.04904888KAS,$9.30,$4.54,$4.76,$0.05,49%
2025-02-15 21:50:43,Whatsminer M60S(170T),BTC,170T,3145W,18.5W/T,0.00009426BTC,$9.20,$4.53,$4.67,$48045.83,49%
2025-02-15 21:50:44,Antminer KS5,KAS,20T,3000W,150W/T,81.95147513KAS,$8.86,$4.32,$4.54,$0.05,49%
2025-02-15 21:50:44,Avalon A1466I,BTC,170T,3320W,19.5W/T,0.00009426BTC,$9.20,$4.78,$4.42,$50719.29,52%
2025-02-15 21:50:44,Whatsminer M60(172T),BTC,172T,3423W,19.9W/T,0.00009537BTC,$9.31,$4.93,$4.38,$51684.18,53%
2025-02-15 21:50:45,1024Miner LD4,LTC,4.9G,3450W,704W/G,0.00807029,$9.33,$4.97,$4.36,$0.00,53%
2025-02-15 21:50:45,Hammer D10+,LTC,5G,3700W,740W/G,0.00823499,$9.52,$5.33,$4.19,$0.00,56%
2025-02-15 21:50:46,Teraflux AT1500,BTC,185T,4070W,22.0W/T,0.00010257BTC,$10.02,$5.86,$4.16,$57139.51,59%
2025-02-15 21:50:46,Whatsminer M60(156T),BTC,156T,3104W,19.9W/T,0.00008650BTC,$8.45,$4.47,$3.98,$51673.53,53%
2025-02-15 21:50:47,Goldshell E-DG1M,LTC,3.4G,1800W,529W/G,0.00559979,$6.48,$2.59,$3.89,$0.00,40%
2025-02-15 21:50:47,Antminer S19j XP,BTC,151T,3247W,21.5W/T,0.00008372BTC,$8.18,$4.68,$3.50,$55849.02,57%
2025-02-15 21:50:48,Antminer S19 XP,BTC,140T,3010W,21.5W/T,0.00007762BTC,$7.58,$4.33,$3.25,$55841.28,57%
2025-02-15 21:50:48,Whatsminer M50S++,BTC,140T,3080W,22.0W/T,0.00007762BTC,$7.58,$4.44,$3.14,$57139.91,59%
2025-02-15 21:50:49,Avalon A1466,BTC,150T,3500W,23.3W/T,0.00008317BTC,$8.12,$5.04,$3.08,$60598.77,62%
2025-02-15 21:50:49,Whatsminer M53,BTC,238T,6902W,29.0W/T,0.00013196BTC,$12.89,$9.94,$2.95,$75317.37,77%
2025-02-15 21:50:50,Antminer S19 Pro+ Hyd.,BTC,198T,5445W,27.5W/T,0.00010978BTC,$10.72,$7.84,$2.88,$71422.85,73%
2025-02-15 21:50:50,JASMINER X16-P,ETC,5800M,1900W,0.3W/M,0.26506177ETC,$5.62,$2.74,$2.88,$9.83,49%
2025-02-15 21:50:51,Hammer D10+(Underclocked),LTC,2.1G,890W,424W/G,0.00345870,$4.00,$1.28,$2.72,$0.00,32%
2025-02-15 21:50:51,BOMBAX EZ100-C,ETC,3800M,760W,0.2W/M,0.17366116ETC,$3.68,$1.09,$2.59,$5.81,30%
2025-02-15 21:50:52,Antminer S19k Pro,BTC,120T,2760W,23.0W/T,0.00006653BTC,$6.50,$3.97,$2.53,$59738.46,61%
2025-02-15 21:50:52,Avalon A1366,BTC,130T,3300W,25.4W/T,0.00007208BTC,$7.04,$4.75,$2.29,$65926.75,68%
2025-02-15 21:50:53,Antminer KA3,KDA,166T,3154W,19.0W/T,12.55332030KDA,$6.81,$4.54,$2.27,$0.36,67%
2025-02-15 21:50:53,Whatsminer M33S++,BTC,229T,7099W,31.0W/T,0.00012697BTC,$12.40,$10.22,$2.18,$80511.62,82%
2025-02-15 21:50:53,Whatsminer M50S,BTC,125T,3250W,26.0W/T,0.00006931BTC,$6.77,$4.68,$2.09,$67522.72,69%
2025-02-15 21:50:54,Antminer S19j Pro+,BTC,122T,3355W,27.5W/T,0.00006764BTC,$6.61,$4.83,$1.78,$71425.19,73%
2025-02-15 21:50:54,Goldshell LT6,LTC,3.35G,3200W,955W/G,0.00551744,$6.38,$4.61,$1.77,$0.00,72%
2025-02-15 21:50:55,Antminer Z15 Pro,ZEC,840K,2560W,3.0W/K,0.17033742ZEC,$5.44,$3.69,$1.75,$21.64,68%
2025-02-15 21:50:55,IceRiver KAS KS5M,KAS,15T,3400W,227W/T,61.46360635KAS,$6.64,$4.90,$1.74,$0.08,74%
2025-02-15 21:50:56,iBeLink BMS3,SC,19T,3100W,163W/T,1506.0662SC,$6.06,$4.46,$1.60,$0.00,74%
2025-02-15 21:50:56,Avalon A1366I,BTC,122T,3570W,29.3W/T,0.00006764BTC,$6.61,$5.14,$1.47,$76002.37,78%
2025-02-15 21:50:57,Whatsminer M50,BTC,115T,3335W,29.0W/T,0.00006376BTC,$6.23,$4.80,$1.43,$75319.95,77%
2025-02-15 21:50:57,Antminer S19 Pro,BTC,110T,3250W,29.5W/T,0.00006099BTC,$5.96,$4.68,$1.28,$76733.89,79%
2025-02-15 21:50:58,Antminer AL1,ALPH,15.6T,3510W,225W/T,12.66380877ALPH,$6.29,$5.05,$1.24,$0.40,80%
2025-02-15 21:50:58,JASMINER X16-Q Pro,ETC,2050M,520W,0.3W/M,0.09368563ETC,$1.98,$0.7488,$1.23,$7.50,38%
2025-02-15 21:50:59,KOI Miner C16 Max,BTC,113T,3400W,30.1W/T,0.00006265BTC,$6.12,$4.90,$1.22,$78148.44,80%
2025-02-15 21:50:59,Antminer S19j Pro,BTC,104T,3068W,29.5W/T,0.00005766BTC,$5.63,$4.42,$1.21,$76620.19,78%
2025-02-15 21:51:00,Avalon A1346,BTC,110T,3300W,30.0W/T,0.00006099BTC,$5.96,$4.75,$1.21,$77914.41,80%
2025-02-15 21:51:00,Innosilicon A6+,LTC,2.2G,2100W,955W/G,0.00362340,$4.19,$3.02,$1.17,$0.00,72%
2025-02-15 21:51:01,Antminer S19j,BTC,100T,2950W,29.5W/T,0.00005545BTC,$5.41,$4.25,$1.16,$76609.56,78%
2025-02-15 21:51:01,Whatsminer M33S+,BTC,209T,7106W,34.0W/T,0.00011588BTC,$11.32,$10.23,$1.09,$88303.76,90%
2025-02-15 21:51:01,Whatsminer M30S++,BTC,112T,3472W,31.0W/T,0.00006210BTC,$6.06,$5.00,$1.06,$80510.14,82%
2025-02-15 21:51:02,Antminer K7,CKB,63.5T,3080W,48.5W/T,887.8172CKB,$5.49,$4.44,$1.05,$0.00,81%
2025-02-15 21:51:02,Goldshell LT-Lite,LTC,1.62G,1450W,895W/G,0.00266814,$3.09,$2.09,$1.00,$0.00,68%
2025-02-15 21:51:03,JASMINER X16-Q,ETC,1950M,620W,0.3W/M,0.08911560ETC,$1.89,$0.8928,$1.00,$9.52,47%
2025-02-15 21:51:03,IceRiver ALPH AL3,ALPH,15T,3500W,233W/T,12.17673920ALPH,$6.04,$5.04,$1.00,$0.41,83%
2025-02-15 21:51:04,Goldshell LT5,LTC,2.05G,2080W,1015W/G,0.00337635,$3.91,$3.00,$0.91,$0.00,77%
2025-02-15 21:51:04,JASMINER X16-QE,ETC,1750M,550W,0.3W/M,0.07997554ETC,$1.69,$0.7920,$0.90,$9.41,47%
2025-02-15 21:51:05,Goldshell Mini DOGE Ⅲ PLUS,LTC,0.81G,500W,617W/G,0.00133407,$1.54,$0.7200,$0.82,$0.00,47%
2025-02-15 21:51:05,KOI Miner C16 Pro,BTC,98T,3200W,32.7W/T,0.00005434BTC,$5.31,$4.61,$0.70,$84799.41,87%
2025-02-15 21:51:06,Goldshell SC6 SE,SC,17T,3300W,194W/T,1347.5329SC,$5.42,$4.75,$0.67,$0.00,88%
2025-02-15 21:51:06,Avalon A1326,BTC,106T,3520W,33.2W/T,0.00005877BTC,$5.74,$5.07,$0.67,$86248.09,88%
2025-02-15 21:51:07,Goldshell Mini DOGE Ⅲ,LTC,0.65G,400W,615W/G,0.00107055,$1.24,$0.5760,$0.66,$0.00,47%
2025-02-15 21:51:07,JASMINER X4,ETC,2500M,1200W,0.5W/M,0.11425076ETC,$2.36,$1.73,$0.63,$15.12,73%
2025-02-15 21:51:08,Antminer Z15,ZEC,420K,1510W,3.6W/K,0.08516871ZEC,$2.72,$2.17,$0.55,$25.53,80%
2025-02-15 21:51:08,Whatsminer M30S+,BTC,100T,3400W,34.0W/T,0.00005545BTC,$5.41,$4.90,$0.51,$88295.76,90%
2025-02-15 21:51:08,Antminer S19,BTC,95T,3250W,34.2W/T,0.00005267BTC,$5.14,$4.68,$0.46,$88855.14,91%
2025-02-15 21:51:09,RTX 4090 8 cards,CFX,960M,2700W,2.8W/M,37.22771486CFX,$4.35,$3.89,$0.46,$0.10,89%
2025-02-15 21:51:09,JASMINER X4-Q,ETC,1040M,370W,0.4W/M,0.04752832ETC,$0.9834,$0.5328,$0.45,$11.21,54%
2025-02-15 21:51:10,IceRiver KAS KS5L,KAS,12T,3400W,283W/T,49.17088508KAS,$5.31,$4.90,$0.41,$0.10,92%
2025-02-15 21:51:10,KOI Miner C16,BTC,92T,3200W,34.8W/T,0.00005101BTC,$4.98,$4.61,$0.37,$90335.23,93%
2025-02-15 21:51:11,Ebit E17,BTC,100T,3500W,35.0W/T,0.00005545BTC,$5.41,$5.04,$0.37,$90892.70,93%
2025-02-15 21:51:11,Avalon A1266,BTC,100T,3500W,35.0W/T,0.00005545BTC,$5.41,$5.04,$0.37,$90892.70,93%
2025-02-15 21:51:12,Antminer E9 Pro,ETC,3680M,2200W,0.6W/M,0.16817713ETC,$3.48,$3.17,$0.31,$18.84,91%
2025-02-15 21:51:12,Goldshell LT5 Pro,LTC,2.455G,3100W,1263W/G,0.00404338,$4.68,$4.46,$0.22,$83.60,95%
2025-02-15 21:51:13,Goldshell Mini DOGE Ⅱ,LTC,0.42G,400W,952W/G,0.00069174,$0.8001,$0.5760,$0.22,$0.00,72%
2025-02-15 21:51:13,RTX 3060 LHR 8 cards,CFX,336M,920W,2.7W/M,13.02970020CFX,$1.52,$1.32,$0.20,$0.10,87%
2025-02-15 21:51:14,Innosilicon A6 LTCMaster,LTC,1.23G,1500W,1220W/G,0.00202581,$2.34,$2.16,$0.18,$45.82,92%
2025-02-15 21:51:14,IceRiver KAS KS2 LITE,KAS,2T,500W,250W/T,8.19514751KAS,$0.8856,$0.7200,$0.17,$0.09,81%
2025-02-15 21:51:15,Goldshell XS6,LTC,1.78G,2250W,1264W/G,0.00293166,$3.39,$3.24,$0.15,$84.75,96%
2025-02-15 21:51:15,JASMINER X4-1U,ETC,520M,240W,0.5W/M,0.02376416ETC,$0.4917,$0.3456,$0.14,$14.54,70%
2025-02-15 21:51:16,RTX 3070 8 cards,CFX,422M,1240W,2.9W/M,16.36468299CFX,$1.91,$1.79,$0.12,$0.11,93%
2025-02-15 21:51:16,Antminer D9,DASH,1770G,2839W,1.6W/G,0.15613920DASH,$4.21,$4.09,$0.12,$26.18,97%
2025-02-15 21:51:17,Innosilicon A4+ LTCMaster,LTC,0.62G,750W,1210W/G,0.00102114,$1.18,$1.08,$0.10,$37.22,91%
2025-02-15 21:51:17,IceRiver ALPH AL2 LITE,ALPH,2T,500W,250W/T,1.62356523ALPH,$0.8059,$0.7200,$0.09,$0.44,89%
2025-02-15 21:51:18,JASMINER X4-C,ETC,450M,240W,0.5W/M,0.02056514ETC,$0.4255,$0.3456,$0.08,$16.81,81%
2025-02-15 21:51:18,Goldshell Mini-DOGE Pro,LTC,0.205G,220W,1073W/G,0.00033763,$0.3905,$0.3168,$0.07,$0.00,81%
2025-02-15 21:51:19,iPollo V1 mini SE Plus,ETC,400M,232W,0.6W/M,0.01828012ETC,$0.3873,$0.3341,$0.06,$17.78,86%
2025-02-15 21:51:19,IceRiver KAS0 ULTRA,KAS,0.4T,100W,250W/T,1.63902950KAS,$0.1771,$0.1440,$0.04,$0.09,81%
2025-02-15 21:51:19,Goldshell SC BOX Ⅱ,SC,1.9T,400W,211W/T,150.6066SC,$0.6060,$0.5760,$0.03,$0.00,95%
2025-02-15 21:51:20,Goldshell SC-Lite,SC,4.4T,950W,216W/T,348.7732SC,$1.40,$1.37,$0.03,$0.00,97%
2025-02-15 21:51:20,JASMINER X4 BRICK,ETC,65M,30W,0.5W/M,0.00297052ETC,$0.0615,$0.0432,$0.02,$14.54,70%
2025-02-15 21:51:21,iPollo V1 mini SE,ETC,200M,116W,0.6W/M,0.00914006ETC,$0.1937,$0.1670,$0.02,$17.78,86%
2025-02-15 21:51:21,IceRiver ALPH AL0,ALPH,400G,100W,0.3W/G,0.32471305ALPH,$0.1612,$0.1440,$0.02,$0.44,89%
2025-02-15 21:51:22,Antminer T19,BTC,84T,3150W,37.5W/T,0.00004657BTC,$4.55,$4.54,$0.01,$97401.76,100%
2025-02-15 21:51:22,Goldshell Mini-DOGE,LTC,0.185G,233W,1259W/G,0.00030469,$0.3524,$0.3355,$0.01,$80.74,95%
2025-02-15 21:51:23,Goldshell SC-BOX,SC,0.9T,200W,222W/T,71.33997754SC,$0.2871,$0.2880,$0.00,$0.00,100%
2025-02-15 21:51:23,iPollo V1 mini Classic WiFi,ETC,130M,104W,0.8W/M,0.00594104ETC,$0.1259,$0.1498,$-0.02,$24.71,119%
2025-02-15 21:51:24,FusionSilicon X6,LTC,0.86G,1160W,1349W/G,0.00141642,$1.64,$1.67,$-0.03,$158.85,102%
2025-02-15 21:51:24,GrayMiner G7,BTC,90T,3400W,37.8W/T,0.00004990BTC,$4.87,$4.90,$-0.03,$98116.23,100%
2025-02-15 21:51:25,Hippo Miner H2,BTC,90T,3400W,37.8W/T,0.00004990BTC,$4.87,$4.90,$-0.03,$98116.23,100%
2025-02-15 21:51:25,RTX 3060 8 cards,CFX,336M,1080W,3.2W/M,13.02970020CFX,$1.52,$1.56,$-0.04,$0.12,102%
2025-02-15 21:51:26,Anex ET3,ETC,300M,220W,0.7W/M,0.01371009ETC,$0.2837,$0.3168,$-0.04,$23.11,112%
2025-02-15 21:51:26,Anex ET-3,ETC,300M,220W,0.7W/M,0.01371009ETC,$0.2837,$0.3168,$-0.04,$23.11,112%
2025-02-15 21:51:27,iPollo X1,ETC,315M,240W,0.8W/M,0.01439560ETC,$0.3050,$0.3456,$-0.04,$23.51,113%
2025-02-15 21:51:27,Avalon A1246,BTC,90T,3420W,38.0W/T,0.00004990BTC,$4.87,$4.92,$-0.05,$98693.39,101%
2025-02-15 21:51:27,Cheetah Miner F7S,BTC,90T,3420W,38.0W/T,0.00004990BTC,$4.87,$4.92,$-0.05,$98693.39,101%
2025-02-15 21:51:28,IceRiver KAS KS0,KAS,0.1T,65W,650W/T,0.40975738KAS,$0.0443,$0.0936,$-0.05,$0.23,211%
2025-02-15 21:51:28,Whatsminer M30S,BTC,88T,3344W,38.0W/T,0.00004879BTC,$4.76,$4.82,$-0.06,$98695.63,101%
2025-02-15 21:51:29,Goldshell KA BOX,KAS,1.18T,400W,339W/T,4.83513703KAS,$0.5225,$0.5760,$-0.06,$0.12,110%
2025-02-15 21:51:29,Goldshell X5S,LTC,1.36G,1850W,1360W/G,0.00223992,$2.59,$2.66,$-0.07,$168.90,103%
2025-02-15 21:51:30,YM-200mini,ETC,200M,180W,0.9W/M,0.00914006ETC,$0.1891,$0.2592,$-0.07,$28.36,137%
2025-02-15 21:51:30,iPollo V1 mini,ETHW,300M,240W,0.8W/M,0.13252505ETHW,$0.2731,$0.3456,$-0.08,$2.61,127%
2025-02-15 21:51:31,RTX 3070Ti 8 cards,CFX,552M,1800W,3.3W/M,21.40593604CFX,$2.50,$2.59,$-0.09,$0.12,104%
2025-02-15 21:51:31,RX 6800 8 cards,IRON,320M,1072W,3.4W/M,5.65185662IRON,$1.44,$1.54,$-0.10,$0.27,107%
2025-02-15 21:51:32,Goldshell AL BOX,ALPH,360G,180W,0.5W/G,0.29224174ALPH,$0.1451,$0.2592,$-0.11,$0.89,179%
2025-02-15 21:51:32,Anex ET-5,ETC,1200M,870W,0.7W/M,0.05484037ETC,$1.13,$1.25,$-0.12,$22.84,110%
2025-02-15 21:51:33,iPollo V1H,ETC,850M,650W,0.8W/M,0.03884526ETC,$0.8230,$0.9360,$-0.12,$23.60,114%
2025-02-15 21:51:33,Antminer S17 Pro(50T),BTC,50T,1975W,39.5W/T,0.00002772BTC,$2.71,$2.84,$-0.13,$102597.40,105%
2025-02-15 21:51:34,Antminer S17 Pro,BTC,53T,2094W,39.5W/T,0.00002939BTC,$2.87,$3.02,$-0.15,$102598.16,105%
2025-02-15 21:51:34,Goldshell KA BOX PRO,KAS,1.6T,600W,375W/T,6.55611801KAS,$0.7085,$0.8640,$-0.15,$0.13,122%
2025-02-15 21:51:34,Goldshell E-KA1M,KAS,5.5T,1800W,327W/T,22.53665566KAS,$2.44,$2.59,$-0.15,$0.12,106%
2025-02-15 21:51:35,RTX 3060Ti 8 cards,CFX,384M,1320W,3.4W/M,14.89108594CFX,$1.74,$1.90,$-0.16,$0.13,109%
2025-02-15 21:51:35,RX 5600XT 8 cards,IRON,220M,800W,3.6W/M,3.88565143IRON,$0.9883,$1.15,$-0.16,$0.30,117%
2025-02-15 21:51:36,RTX 3060Ti LHR 8 cards,CFX,384M,1320W,3.4W/M,14.89108594CFX,$1.74,$1.90,$-0.16,$0.13,109%
2025-02-15 21:51:36,Anex ET5,ETHW,1200M,870W,0.7W/M,0.53010020ETHW,$1.09,$1.25,$-0.16,$2.36,115%
2025-02-15 21:51:37,Antminer L3+,LTC,0.504G,800W,1587W/G,0.00083009,$0.9601,$1.15,$-0.19,$367.35,120%
2025-02-15 21:51:37,TheWindMiner K9,KAS,10.3T,3300W,320W/T,42.20500969KAS,$4.56,$4.75,$-0.19,$0.11,104%
2025-02-15 21:51:38,Goldshell CK-BOX,CKB,1.05T,215W,205W/T,14.68044238CKB,$0.0908,$0.3096,$-0.22,$0.02,341%
2025-02-15 21:51:38,Goldshell KD BOX PRO,KDA,2.6T,230W,88.5W/T,0.19661827KDA,$0.1066,$0.3312,$-0.22,$1.68,311%
2025-02-15 21:51:39,Antminer S17+(67T),BTC,67T,2680W,40.0W/T,0.00003715BTC,$3.63,$3.86,$-0.23,$103881.56,106%
2025-02-15 21:51:39,Goldshell KD BOX,KDA,1.6T,205W,128W/T,0.12099586KDA,$0.0656,$0.2952,$-0.23,$2.44,450%
2025-02-15 21:51:40,Goldshell AL BOX Ⅱ,ALPH,720G,360W,0.5W/G,0.58448348ALPH,$0.2901,$0.5184,$-0.23,$0.89,179%
2025-02-15 21:51:40,RTX 2080Ti 8 cards,CFX,468M,1640W,3.5W/M,18.14851099CFX,$2.12,$2.36,$-0.24,$0.13,111%
2025-02-15 21:51:41,Antminer S17+,BTC,73T,2920W,40.0W/T,0.00004048BTC,$3.95,$4.20,$-0.25,$103873.52,106%
2025-02-15 21:51:41,iBeLink BM-KS Max,KAS,10.5T,3400W,324W/T,43.02452444KAS,$4.65,$4.90,$-0.25,$0.11,105%
2025-02-15 21:51:42,Dragonball Miner KS6,KAS,10.5T,3400W,324W/T,43.02452444KAS,$4.65,$4.90,$-0.25,$0.11,105%
2025-02-15 21:51:43,Antminer L3++,LTC,0.58G,942W,1624W/G,0.00095526,$1.10,$1.36,$-0.26,$399.61,123%
2025-02-15 21:51:44,RTX 3080 8 cards,CFX,616M,2120W,3.4W/M,23.88778370CFX,$2.79,$3.05,$-0.26,$0.13,109%
2025-02-15 21:51:44,Tibit X8,ETC,2300M,1700W,0.7W/M,0.10511070ETC,$2.17,$2.45,$-0.28,$23.29,113%
2025-02-15 21:51:45,Hummer Miner H9 Pro,BTC,84T,3360W,40.0W/T,0.00004657BTC,$4.55,$4.84,$-0.29,$103895.21,106%
2025-02-15 21:51:45,Hornbill H8 Pro,BTC,84T,3360W,40.0W/T,0.00004657BTC,$4.55,$4.84,$-0.29,$103895.21,106%
2025-02-15 21:51:46,Goldshell AL BOX Ⅱ PLUS,ALPH,1T,480W,480W/T,0.81178261ALPH,$0.4029,$0.6912,$-0.29,$0.85,172%
2025-02-15 21:51:46,RX 6600 8 cards,IRON,152M,680W,4.5W/M,2.68463189IRON,$0.6828,$0.9792,$-0.30,$0.36,143%
2025-02-15 21:51:47,GTX 1660Ti 8 cards,CFX,197.6M,840W,4.3W/M,7.66270464CFX,$0.8955,$1.21,$-0.31,$0.16,135%
2025-02-15 21:51:47,Dragonball Miner KS6 Pro+,KAS,11T,3600W,327W/T,45.07331132KAS,$4.87,$5.18,$-0.31,$0.12,106%
2025-02-15 21:51:48,BW L21,LTC,0.55G,950W,1727W/G,0.00090585,$1.05,$1.37,$-0.32,$489.75,131%
2025-02-15 21:51:48,RTX 2080 8 cards,CFX,390M,1480W,3.8W/M,15.12375916CFX,$1.77,$2.13,$-0.36,$0.14,121%
2025-02-15 21:51:49,Goldshell AL BOX Ⅲ,ALPH,1.25T,600W,480W/T,1.01472827ALPH,$0.5037,$0.8640,$-0.36,$0.85,172%
2025-02-15 21:51:49,Antminer Z9 Mini,ZEC,10K,300W,30.0W/K,0.00202783ZEC,$0.0647,$0.4320,$-0.37,$213.04,667%
2025-02-15 21:51:50,Goldshell KD BOX Ⅱ,KDA,5T,400W,80.0W/T,0.37811206KDA,$0.2050,$0.5760,$-0.38,$1.52,281%
2025-02-15 21:51:51,Goldshell CK-BOX Ⅱ,CKB,2.1T,400W,190W/T,29.36088475CKB,$0.1817,$0.5760,$-0.40,$0.02,317%
2025-02-15 21:51:51,IceRiver KAS KS1,KAS,1T,600W,600W/T,4.09757376KAS,$0.4428,$0.8640,$-0.42,$0.21,195%
2025-02-15 21:51:51,RTX 2060 8 cards,CFX,272M,1160W,4.3W/M,10.54785254CFX,$1.23,$1.67,$-0.44,$0.16,136%
2025-02-15 21:51:52,YM-106,ETC,1200M,1100W,0.9W/M,0.05484037ETC,$1.13,$1.58,$-0.45,$28.88,140%
2025-02-15 21:51:52,Ebit E11++,BTC,44T,1980W,45.0W/T,0.00002440BTC,$2.38,$2.85,$-0.47,$116852.46,120%
2025-02-15 21:51:53,Goldshell X5,LTC,0.85G,1450W,1706W/G,0.00139995,$1.62,$2.09,$-0.47,$471.04,129%
2025-02-15 21:51:53,GTX 1660 8 cards,CFX,159.2M,840W,5.3W/M,6.17359605CFX,$0.7215,$1.21,$-0.49,$0.20,168%
2025-02-15 21:51:54,RX 6800XT 8 cards,IRON,328M,1360W,4.1W/M,5.79315304IRON,$1.47,$1.96,$-0.49,$0.34,133%
2025-02-15 21:51:54,Antminer E9,ETC,2400M,1920W,0.8W/M,0.10968073ETC,$2.27,$2.76,$-0.49,$25.21,122%
2025-02-15 21:51:55,RX 5500XT 8 cards,IRON,144M,800W,5.6W/M,2.54333548IRON,$0.6469,$1.15,$-0.50,$0.45,178%
2025-02-15 21:51:55,RTX 3080Ti 8 cards,CFX,792M,2840W,3.6W/M,30.71286476CFX,$3.59,$4.09,$-0.50,$0.13,114%
2025-02-15 21:51:56,Whatsminer M31S+,BTC,80T,3360W,42.0W/T,0.00004436BTC,$4.33,$4.84,$-0.51,$109071.24,112%
2025-02-15 21:51:56,RX 5700XT 8 cards,IRON,284M,1240W,4.4W/M,5.01602275IRON,$1.28,$1.79,$-0.51,$0.36,140%
2025-02-15 21:51:57,Avalon 1166 Pro,BTC,81T,3400W,42.0W/T,0.00004491BTC,$4.39,$4.90,$-0.51,$109018.04,112%
2025-02-15 21:51:57,GTX 1660S 8 cards,CFX,179.2M,920W,5.1W/M,6.94917344CFX,$0.8121,$1.32,$-0.51,$0.19,163%
2025-02-15 21:51:58,Bee Computing B2T,BTC,21T,1155W,55.0W/T,0.00001164BTC,$1.14,$1.66,$-0.52,$142886.60,146%
2025-02-15 21:51:58,StrongU STU-U8,BTC,46T,2100W,45.7W/T,0.00002551BTC,$2.49,$3.02,$-0.53,$118541.75,121%
2025-02-15 21:51:59,Obelisk SC1,SC,0.55T,500W,909W/T,43.59665294SC,$0.1754,$0.7200,$-0.54,$0.02,410%
2025-02-15 21:51:59,Antminer S17,BTC,53T,2385W,45.0W/T,0.00002939BTC,$2.87,$3.43,$-0.56,$116856.07,120%
2025-02-15 21:51:59,RTX 3090 8 cards,CFX,752M,2760W,3.7W/M,29.16170997CFX,$3.41,$3.97,$-0.56,$0.14,117%
2025-02-15 21:52:00,RTX 2070 8 cards,CFX,296M,1320W,4.5W/M,11.47854541CFX,$1.34,$1.90,$-0.56,$0.17,142%
2025-02-15 21:52:00,INNOSILICON Equihash A9 ZMaster,ZEC,50K,620W,12.4W/K,0.01013913ZEC,$0.3237,$0.8928,$-0.57,$88.05,276%
2025-02-15 21:52:01,RX 5700 8 cards,IRON,268M,1240W,4.6W/M,4.73342992IRON,$1.20,$1.79,$-0.59,$0.38,148%
2025-02-15 21:52:01,INNOSILICON A10(365M),ETHW,365M,650W,1.8W/M,0.16123881ETHW,$0.3323,$0.9360,$-0.61,$5.81,282%
2025-02-15 21:52:02,INNOSILICON A10 Pro(500M),ETHW,500M,750W,1.5W/M,0.22087508ETHW,$0.4552,$1.08,$-0.62,$4.89,237%
2025-02-15 21:52:02,Forest EPU XC,ETC,4250M,3315W,0.8W/M,0.19422630ETC,$4.12,$4.77,$-0.65,$24.08,116%
2025-02-15 21:52:03,Whatsminer M20,BTC,45T,2160W,48.0W/T,0.00002495BTC,$2.44,$3.11,$-0.67,$124665.33,128%
2025-02-15 21:52:03,INNOSILICON T3,BTC,43T,2100W,48.8W/T,0.00002384BTC,$2.33,$3.02,$-0.69,$126845.64,130%
2025-02-15 21:52:04,Antminer S17e,BTC,64T,2880W,45.0W/T,0.00003549BTC,$3.46,$4.15,$-0.69,$116855.45,120%
2025-02-15 21:52:04,YM-C01/C02,ETC,2000M,1800W,0.9W/M,0.09140061ETC,$1.89,$2.59,$-0.70,$28.36,137%
2025-02-15 21:52:05,Bitexpress R1,BTC,21T,1300W,61.9W/T,0.00001164BTC,$1.14,$1.87,$-0.73,$160824.74,165%
2025-02-15 21:52:05,INNOSILICON A10(485M),ETHW,485M,850W,1.8W/M,0.21424883ETHW,$0.4415,$1.22,$-0.78,$5.71,277%
2025-02-15 21:52:06,Antminer S15,BTC,28T,1596W,57.0W/T,0.00001552BTC,$1.52,$2.30,$-0.78,$148082.47,152%
2025-02-15 21:52:06,Hornbill H8,BTC,74T,3330W,45.0W/T,0.00004103BTC,$4.01,$4.80,$-0.79,$116870.58,120%
2025-02-15 21:52:07,Whatsminer M10(Underclocked),BTC,25T,1500W,60.0W/T,0.00001386BTC,$1.35,$2.16,$-0.81,$155844.16,160%
2025-02-15 21:52:07,Avalon 1041,BTC,31T,1736W,56.0W/T,0.00001719BTC,$1.68,$2.50,$-0.82,$145424.08,149%
2025-02-15 21:52:08,Goldshell E-AL1M,ALPH,4.4T,1800W,409W/T,3.57184350ALPH,$1.77,$2.59,$-0.82,$0.73,146%
2025-02-15 21:52:08,IceRiver KAS KS2,KAS,2T,1200W,600W/T,8.19514751KAS,$0.8856,$1.73,$-0.84,$0.21,195%
2025-02-15 21:52:09,Antminer KS3,KAS,9.4T,3500W,372W/T,38.51719331KAS,$4.16,$5.04,$-0.88,$0.13,121%
2025-02-15 21:52:10,Baikal BK-X(X11),DASH,10G,630W,63.0W/G,0.00088214DASH,$0.0238,$0.9072,$-0.89,$1028.41,3815%
2025-02-15 21:52:10,Ebit E12+,BTC,50T,2500W,50.0W/T,0.00002772BTC,$2.71,$3.60,$-0.89,$129870.13,133%
2025-02-15 21:52:11,Whatsminer M31S,BTC,74T,3400W,45.9W/T,0.00004103BTC,$4.01,$4.90,$-0.89,$119327.32,122%
2025-02-15 21:52:12,YM-105/108(Black),ETC,2100M,2000W,1.0W/M,0.09597064ETC,$1.99,$2.88,$-0.89,$30.01,145%
2025-02-15 21:52:12,Whatsminer M21,BTC,28T,1680W,60.0W/T,0.00001552BTC,$1.52,$2.42,$-0.90,$155876.29,160%
2025-02-15 21:52:13,Bolonminer B11,BTC,72T,3330W,46.3W/T,0.00003992BTC,$3.90,$4.80,$-0.90,$120120.24,123%
2025-02-15 21:52:13,Avalon 1166,BTC,68T,3196W,47.0W/T,0.00003770BTC,$3.68,$4.60,$-0.92,$122075.33,125%
2025-02-15 21:52:14,Ebit E11+,BTC,37T,2035W,55.0W/T,0.00002051BTC,$2.00,$2.93,$-0.93,$142876.65,146%
2025-02-15 21:52:14,Whatsminer M20S(62T),BTC,62T,2976W,48.0W/T,0.00003438BTC,$3.36,$4.29,$-0.93,$124649.21,128%
2025-02-15 21:52:15,iBeLink™ BM-K1,KDA,5.3T,800W,151W/T,0.40079878KDA,$0.2173,$1.15,$-0.93,$2.87,530%
2025-02-15 21:52:16,Antminer S9,BTC,14T,1190W,85.0W/T,0.00000776BTC,$0.7580,$1.71,$-0.95,$220824.74,226%
2025-02-15 21:52:16,Goldshell KD2,KDA,6T,830W,138W/T,0.45373447KDA,$0.2460,$1.20,$-0.95,$2.63,486%
2025-02-15 21:52:17,Antminer S11,BTC,20.5T,1435W,70.0W/T,0.00001137BTC,$1.11,$2.07,$-0.96,$181741.42,186%
2025-02-15 21:52:17,Antminer T15,BTC,23T,1541W,67.0W/T,0.00001275BTC,$1.25,$2.22,$-0.97,$174042.35,178%
2025-02-15 21:52:18,Whatsminer M20S(65T),BTC,65T,3120W,48.0W/T,0.00003604BTC,$3.52,$4.49,$-0.97,$124661.49,128%
2025-02-15 21:52:19,Antminer S9 SE,BTC,16T,1280W,80.0W/T,0.00000887BTC,$0.8662,$1.84,$-0.97,$207801.58,213%
2025-02-15 21:52:19,RX 6700XT 8 cards,IRON,244M,1440W,5.9W/M,4.30954067IRON,$1.10,$2.07,$-0.97,$0.48,189%
2025-02-15 21:52:20,iPollo V1,ETC,3600M,3100W,0.9W/M,0.16452110ETC,$3.49,$4.46,$-0.97,$26.64,128%
2025-02-15 21:52:20,Antminer T17+(55T),BTC,55T,2750W,50.0W/T,0.00003050BTC,$2.98,$3.96,$-0.98,$129836.07,133%
2025-02-15 21:52:21,INNOSILICON T3(39T),BTC,39T,2150W,55.1W/T,0.00002162BTC,$2.11,$3.10,$-0.99,$143200.74,147%
2025-02-15 21:52:22,INNOSILICON A5,DASH,32.5G,750W,23.1W/G,0.00286696DASH,$0.0773,$1.08,$-1.00,$376.71,1397%
2025-02-15 21:52:23,Antminer T17,BTC,40T,2200W,55.0W/T,0.00002218BTC,$2.17,$3.17,$-1.00,$142831.38,146%
2025-02-15 21:52:24,Whatsminer M20S,BTC,68T,3260W,47.9W/T,0.00003770BTC,$3.68,$4.69,$-1.01,$124519.89,128%
2025-02-15 21:52:25,YM-100/104/107(Silver),ETC,2400M,2300W,1.0W/M,0.10968073ETC,$2.27,$3.31,$-1.04,$30.20,146%
2025-02-15 21:52:26,Panda B9(RX 5700XT),ETC,330M,950W,2.9W/M,0.01508110ETC,$0.3120,$1.37,$-1.06,$90.71,438%
2025-02-15 21:52:27,RX 6900XT 8 cards,IRON,328M,1760W,5.4W/M,5.79315304IRON,$1.47,$2.53,$-1.06,$0.44,172%
2025-02-15 21:52:28,Avalon A1246I,BTC,71T,3400W,47.9W/T,0.00003937BTC,$3.84,$4.90,$-1.06,$124358.65,127%
2025-02-15 21:52:28,iPollo B1L,BTC,60T,3000W,50.0W/T,0.00003327BTC,$3.25,$4.32,$-1.07,$129846.71,133%
2025-02-15 21:52:29,IceRiver KAS KS3,KAS,8T,3200W,400W/T,32.78059005KAS,$3.54,$4.61,$-1.07,$0.14,130%
2025-02-15 21:52:30,Whatsminer M32(68T),BTC,68T,3312W,48.7W/T,0.00003770BTC,$3.68,$4.77,$-1.09,$126506.10,130%
2025-02-15 21:52:31,Avalon A911,BTC,18T,1440W,80.0W/T,0.00000998BTC,$0.9745,$2.07,$-1.10,$207775.55,213%
2025-02-15 21:52:31,Avalon A821,BTC,11.5T,1200W,104W/T,0.00000638BTC,$0.6226,$1.73,$-1.11,$270846.39,278%
2025-02-15 21:52:32,Avalon A841,BTC,13.6T,1290W,94.9W/T,0.00000754BTC,$0.7363,$1.86,$-1.12,$246366.05,252%
2025-02-15 21:52:32,iBeLink™ DM22G,DASH,22G,810W,36.8W/G,0.00194071DASH,$0.0523,$1.17,$-1.12,$601.02,2229%
2025-02-15 21:52:33,INNOSILICON T3+(67T),BTC,67T,3300W,49.3W/T,0.00003715BTC,$3.63,$4.75,$-1.12,$127913.86,131%
2025-02-15 21:52:33,RTX 2060S 8 cards,ETC,336.24M,1000W,3.0W/M,0.01536627ETC,$0.3179,$1.44,$-1.12,$93.71,453%
2025-02-15 21:52:33,Pinidea DR-100,DASH,21G,820W,39.0W/G,0.00185250DASH,$0.0499,$1.18,$-1.13,$637.41,2364%
2025-02-15 21:52:34,Antminer S9i(14T),BTC,14T,1320W,94.3W/T,0.00000776BTC,$0.7580,$1.90,$-1.14,$244948.45,251%
2025-02-15 21:52:34,iBeLink™ DM11G,DASH,11G,810W,73.6W/G,0.00097036DASH,$0.0262,$1.17,$-1.14,$1202.03,4459%
2025-02-15 21:52:35,Antminer S9j,BTC,14.5T,1350W,93.1W/T,0.00000804BTC,$0.7850,$1.94,$-1.15,$241791.04,248%
2025-02-15 21:52:35,Antminer S9,BTC,13.5T,1320W,97.8W/T,0.00000749BTC,$0.7309,$1.90,$-1.17,$253778.37,260%
2025-02-15 21:52:36,Antminer Z11,ZEC,135K,1418W,10.5W/K,0.02737566ZEC,$0.8739,$2.04,$-1.17,$74.59,234%
2025-02-15 21:52:36,Antminer S9i(14.5T),BTC,14.5T,1365W,94.1W/T,0.00000804BTC,$0.7850,$1.97,$-1.18,$244477.61,250%
2025-02-15 21:52:37,Hummer Miner H7,BTC,31T,1984W,64.0W/T,0.00001719BTC,$1.68,$2.86,$-1.18,$166198.95,170%
2025-02-15 21:52:37,Antminer T17+,BTC,64T,3220W,50.3W/T,0.00003549BTC,$3.46,$4.64,$-1.18,$130650.89,134%
2025-02-15 21:52:38,Goldshell CK-Lite,CKB,6.3T,1200W,190W/T,88.08265426CKB,$0.5450,$1.73,$-1.18,$0.02,317%
2025-02-15 21:52:38,Ebit E11,BTC,30T,1950W,65.0W/T,0.00001663BTC,$1.62,$2.81,$-1.19,$168851.47,173%
2025-02-15 21:52:39,Hummer Miner H9,BTC,67T,3350W,50.0W/T,0.00003715BTC,$3.63,$4.82,$-1.19,$129851.95,133%
2025-02-15 21:52:39,INNOSILICON A10 Pro(720M),ETHW,720M,1300W,1.8W/M,0.31806012ETHW,$0.6554,$1.87,$-1.21,$5.89,286%
2025-02-15 21:52:40,Avalon A9,BTC,23T,1720W,74.8W/T,0.00001275BTC,$1.25,$2.48,$-1.23,$194258.82,199%
2025-02-15 21:52:40,Ebit E12,BTC,44T,2508W,57.0W/T,0.00002440BTC,$2.38,$3.61,$-1.23,$148013.11,152%
2025-02-15 21:52:41,INNOSILICON A10 Pro+(750M),ETC,750M,1350W,1.8W/M,0.03427523ETC,$0.7092,$1.94,$-1.23,$56.72,274%
2025-02-15 21:52:41,Ebit E9.2,BTC,12T,1320W,110W/T,0.00000665BTC,$0.6497,$1.90,$-1.25,$285834.59,293%
2025-02-15 21:52:42,FusionSilicon X7,DASH,262G,1300W,5.0W/G,0.02311213DASH,$0.6231,$1.87,$-1.25,$81.00,300%
2025-02-15 21:52:42,Antminer V9,BTC,4T,1027W,257W/T,0.00000222BTC,$0.2166,$1.48,$-1.26,$666162.16,683%
2025-02-15 21:52:43,Avalon A741,BTC,7.3T,1150W,158W/T,0.00000405BTC,$0.3952,$1.66,$-1.26,$408888.89,419%
2025-02-15 21:52:43,DragonMint T1 Miner,BTC,16T,1480W,92.5W/T,0.00000887BTC,$0.8662,$2.13,$-1.26,$240270.57,246%
2025-02-15 21:52:43,Holic H22,BTC,22T,1700W,77.3W/T,0.00001220BTC,$1.19,$2.45,$-1.26,$200655.74,206%
2025-02-15 21:52:44,Goldshell KD-Lite,KDA,16.2T,1330W,82.1W/T,1.22508307KDA,$0.6641,$1.92,$-1.26,$1.56,288%
2025-02-15 21:52:44,RX 590 8 cards,ETC,240M,1040W,4.3W/M,0.01096807ETC,$0.2269,$1.50,$-1.27,$136.54,660%
2025-02-15 21:52:45,Whatsminer M10,BTC,33T,2145W,65.0W/T,0.00001830BTC,$1.79,$3.09,$-1.30,$168786.89,173%
2025-02-15 21:52:45,Avalon A851,BTC,14.5T,1450W,100W/T,0.00000804BTC,$0.7850,$2.09,$-1.30,$259701.49,266%
2025-02-15 21:52:46,Ebit E9i,BTC,13.5T,1418W,105W/T,0.00000749BTC,$0.7309,$2.04,$-1.31,$272619.49,279%
2025-02-15 21:52:46,Avalon 1146 Pro,BTC,63T,3276W,52.0W/T,0.00003493BTC,$3.41,$4.72,$-1.31,$135054.11,138%
2025-02-15 21:52:47,INNOSILICON A9++,ZEC,140K,1550W,11.1W/K,0.02838957ZEC,$0.9063,$2.23,$-1.32,$78.62,246%
2025-02-15 21:52:47,INNOSILICON T2 Miner,BTC,17.2T,1570W,91.3W/T,0.00000954BTC,$0.9312,$2.26,$-1.33,$236981.13,243%
2025-02-15 21:52:47,Antminer T17e,BTC,53T,2915W,55.0W/T,0.00002939BTC,$2.87,$4.20,$-1.33,$142824.09,146%
2025-02-15 21:52:48,Ebit E10.1,BTC,18T,1620W,90.0W/T,0.00000998BTC,$0.9745,$2.33,$-1.36,$233747.49,239%
2025-02-15 21:52:48,Antminer D3,DASH,17G,970W,57.1W/G,0.00149964DASH,$0.0404,$1.40,$-1.36,$931.42,3455%
2025-02-15 21:52:49,Avalon A921,BTC,20T,1700W,85.0W/T,0.00001109BTC,$1.08,$2.45,$-1.37,$220739.40,226%
2025-02-15 21:52:49,Ebit E9+,BTC,9T,1305W,145W/T,0.00000499BTC,$0.4873,$1.88,$-1.39,$376593.19,386%
2025-02-15 21:52:50,RX 470 8 cards,ETC,216M,1110W,5.1W/M,0.00987127ETC,$0.2042,$1.60,$-1.40,$161.92,783%
2025-02-15 21:52:51,Antminer Z9,ZEC,40.8K,1150W,28.2W/K,0.00827353ZEC,$0.2641,$1.66,$-1.40,$200.16,627%
2025-02-15 21:52:51,Digital Eth Miner Z1,ETC,270M,1150W,4.3W/M,0.01233908ETC,$0.2553,$1.66,$-1.40,$134.21,649%
2025-02-15 21:52:52,RTX 3080Ti 8 cards,IRON,648M,3000W,4.6W/M,11.44500966IRON,$2.91,$4.32,$-1.41,$0.38,148%
2025-02-15 21:52:53,Whatsminer M10S(Underclocked),BTC,44T,2640W,60.0W/T,0.00002440BTC,$2.38,$3.80,$-1.42,$155803.28,160%
2025-02-15 21:52:54,Avalon 1047,BTC,37T,2380W,64.3W/T,0.00002051BTC,$2.00,$3.43,$-1.43,$167098.98,171%
2025-02-15 21:52:55,INNOSILICON T2T+,BTC,32T,2200W,68.8W/T,0.00001774BTC,$1.73,$3.17,$-1.44,$178579.48,183%
2025-02-15 21:52:55,Panda B7(RX 580),ETC,230M,1150W,5.0W/M,0.01051107ETC,$0.2175,$1.66,$-1.44,$157.55,761%
2025-02-15 21:52:56,SMiner S1 Pro,ETHW,243M,1150W,4.7W/M,0.10734529ETHW,$0.2212,$1.66,$-1.44,$15.43,749%
2025-02-15 21:52:56,INNOSILICON Equihash A9+ ZMaster,ZEC,120K,1550W,12.9W/K,0.02433392ZEC,$0.7768,$2.23,$-1.45,$91.72,287%
2025-02-15 21:52:57,Bee Computing B2S,BTC,50T,2900W,58.0W/T,0.00002772BTC,$2.71,$4.18,$-1.47,$150649.35,154%
2025-02-15 21:52:57,Lemons L6,ETHW,1700M,2100W,1.2W/M,0.75097528ETHW,$1.55,$3.02,$-1.47,$4.03,195%
2025-02-15 21:52:58,Antminer D7,DASH,1286G,3148W,2.4W/G,0.11344351DASH,$3.06,$4.53,$-1.47,$39.96,148%
2025-02-15 21:52:58,Antminer T9+,BTC,10.5T,1432W,136W/T,0.00000582BTC,$0.5685,$2.06,$-1.49,$354309.28,363%
2025-02-15 21:52:59,GTX 1070 8 cards,CFX,64M,1240W,19.4W/M,2.48184766CFX,$0.2900,$1.79,$-1.50,$0.72,616%
2025-02-15 21:53:00,Greatwolf Miner B1,ETC,315M,1250W,4.0W/M,0.01439560ETC,$0.2979,$1.80,$-1.50,$125.04,604%
2025-02-15 21:53:00,Antminer S9 Hydro,BTC,18T,1728W,96.0W/T,0.00000998BTC,$0.9745,$2.49,$-1.52,$249330.66,255%
2025-02-15 21:53:01,Digital Eth Miner Z8,ETHW,550M,1400W,2.5W/M,0.24296259ETHW,$0.5007,$2.02,$-1.52,$8.30,403%
2025-02-15 21:53:01,SMiner S1,ETHW,232M,1200W,5.2W/M,0.10248604ETHW,$0.2112,$1.73,$-1.52,$16.86,818%
2025-02-15 21:53:02,Avalon 1146,BTC,58T,3248W,56.0W/T,0.00003216BTC,$3.14,$4.68,$-1.54,$145432.84,149%
2025-02-15 21:53:02,INNOSILICON T2 Turbo(T2T),BTC,24T,1980W,82.5W/T,0.00001331BTC,$1.30,$2.85,$-1.55,$214214.88,219%
2025-02-15 21:53:03,INNOSILICON T2T(30T),BTC,30T,2200W,73.3W/T,0.00001663BTC,$1.62,$3.17,$-1.55,$190499.10,195%
2025-02-15 21:53:03,Forest EPU 2-C,ETC,3600M,3500W,1.0W/M,0.16452110ETC,$3.49,$5.04,$-1.55,$30.14,145%
2025-02-15 21:53:04,GTX 1070Ti 8 cards,CFX,72M,1320W,18.3W/M,2.79207861CFX,$0.3263,$1.90,$-1.57,$0.68,583%
2025-02-15 21:53:05,Avalon 1026,BTC,35T,2415W,69.0W/T,0.00001941BTC,$1.89,$3.48,$-1.59,$179165.38,184%
2025-02-15 21:53:06,INNOSILICON T2T-25T,BTC,25T,2050W,82.0W/T,0.00001386BTC,$1.35,$2.95,$-1.60,$212987.01,218%
2025-02-15 21:53:07,P104 8 cards,CFX,68M,1350W,19.9W/M,2.63696314CFX,$0.3082,$1.94,$-1.63,$0.74,631%
2025-02-15 21:53:09,ANTSEIKO V1,ETHW,269M,1300W,4.8W/M,0.11883079ETHW,$0.2449,$1.87,$-1.63,$15.75,764%
2025-02-15 21:53:10,Ebit E9.3,BTC,16T,1760W,110W/T,0.00000887BTC,$0.8662,$2.53,$-1.66,$285727.17,293%
2025-02-15 21:53:11,INNOSILICON T3+ Miner,BTC,57T,3300W,57.9W/T,0.00003160BTC,$3.09,$4.75,$-1.66,$150379.75,154%
2025-02-15 21:53:12,GrayMiner E3,ETHW,448M,1450W,3.2W/M,0.19790407ETHW,$0.4078,$2.09,$-1.68,$10.55,512%
2025-02-15 21:53:13,SnowPanther B1+,BTC,24.5T,2100W,85.7W/T,0.00001358BTC,$1.33,$3.02,$-1.69,$222680.41,228%
2025-02-15 21:53:13,RX 480 8 cards,ETC,240M,1350W,5.6W/M,0.01096807ETC,$0.2269,$1.94,$-1.71,$177.24,857%
2025-02-15 21:53:14,RX570 8 cards,ETC,224M,1350W,6.0W/M,0.01023687ETC,$0.2118,$1.94,$-1.73,$189.90,918%
2025-02-15 21:53:14,Greatwolf Miner B1+,ETC,378M,1450W,3.8W/M,0.01727472ETC,$0.3574,$2.09,$-1.73,$120.87,584%
2025-02-15 21:53:15,INNOSILICON T3(50T),BTC,50T,3100W,62.0W/T,0.00002772BTC,$2.71,$4.46,$-1.75,$161038.96,165%
2025-02-15 21:53:15,Whatsminer M21S(54T),BTC,54T,3240W,60.0W/T,0.00002994BTC,$2.92,$4.67,$-1.75,$155831.66,160%
2025-02-15 21:53:16,Panda B3 Pro(RX 470),ETC,230M,1375W,6.0W/M,0.01051107ETC,$0.2175,$1.98,$-1.76,$188.37,910%
2025-02-15 21:53:16,Avalon 1066 Pro,BTC,55T,3300W,60.0W/T,0.00003050BTC,$2.98,$4.75,$-1.77,$155803.28,160%
2025-02-15 21:53:17,Aisen A1,BTC,23T,2100W,91.3W/T,0.00001275BTC,$1.25,$3.02,$-1.77,$237176.47,243%
2025-02-15 21:53:17,Vega56 8 cards,IRON,184M,1830W,9.9W/M,3.24981756IRON,$0.8265,$2.64,$-1.81,$0.81,319%
2025-02-15 21:53:18,Whatsminer M21S,BTC,56T,3360W,60.0W/T,0.00003105BTC,$3.03,$4.84,$-1.81,$155826.09,160%
2025-02-15 21:53:18,Aladdin L2,BTC,30T,2400W,80.0W/T,0.00001663BTC,$1.62,$3.46,$-1.84,$207817.20,213%
2025-02-15 21:53:19,GTX 1080Ti 8 cards,CFX,118.4M,1660W,14.0W/M,4.59141817CFX,$0.5366,$2.39,$-1.85,$0.52,446%
2025-02-15 21:53:19,Toddminer C1,CKB,1.55T,1380W,890W/T,21.67112922CKB,$0.1341,$1.99,$-1.86,$0.09,1482%
2025-02-15 21:53:20,Greatwolf Miner B3,ETC,550M,1650W,3.0W/M,0.02513517ETC,$0.5201,$2.38,$-1.86,$94.53,457%
2025-02-15 21:53:20,GTX 1080 8 cards,CFX,84M,1560W,18.6W/M,3.25742505CFX,$0.3807,$2.25,$-1.87,$0.69,590%
2025-02-15 21:53:20,iBeLink™ BM-K3,KDA,70T,3300W,47.1W/T,5.29356880KDA,$2.87,$4.75,$-1.88,$0.90,166%
2025-02-15 21:53:21,Hummer Miner H7 Pro(48T),BTC,48T,3120W,65.0W/T,0.00002661BTC,$2.60,$4.49,$-1.89,$168838.78,173%
2025-02-15 21:53:21,Lemons L3,ETC,1200M,2100W,1.8W/M,0.05484037ETC,$1.13,$3.02,$-1.89,$55.14,267%
2025-02-15 21:53:22,RX 580 8 cards,IRON,100M,1630W,16.3W/M,1.76620519IRON,$0.4492,$2.35,$-1.90,$1.33,523%
2025-02-15 21:53:22,Toddminer Combo(Eaglesong),CKB,15T,2250W,150W/T,209.7206CKB,$1.30,$3.24,$-1.94,$0.02,250%
2025-02-15 21:53:23,Avalon 1066,BTC,50T,3250W,65.0W/T,0.00002772BTC,$2.71,$4.68,$-1.97,$168831.17,173%
2025-02-15 21:53:23,Antminer D5,DASH,119G,1566W,13.2W/G,0.01049749DASH,$0.2830,$2.26,$-1.98,$214.82,797%
2025-02-15 21:53:24,ASICminer Zeon 180K,ZEC,180K,2200W,12.2W/K,0.03650088ZEC,$1.17,$3.17,$-2.00,$86.79,272%
2025-02-15 21:53:24,INNOSILICON A5+,DASH,65G,1500W,23.1W/G,0.00573393DASH,$0.1546,$2.16,$-2.01,$376.70,1397%
2025-02-15 21:53:25,StrongU STU-U6,DASH,420G,2100W,5.0W/G,0.03704998DASH,$0.9988,$3.02,$-2.02,$81.62,303%
2025-02-15 21:53:25,Galaxy S2(RX 580),ETHW,240M,1600W,6.7W/M,0.10602004ETHW,$0.2185,$2.30,$-2.08,$21.73,1055%
2025-02-15 21:53:26,Hummer Miner H7 Pro(48T),BTC,53T,3445W,65.0W/T,0.00002939BTC,$2.87,$4.96,$-2.09,$168792.11,173%
2025-02-15 21:53:26,GTX 1060 8 cards,CFX,38.4M,1590W,41.4W/M,1.48910859CFX,$0.1740,$2.29,$-2.12,$1.54,1316%
2025-02-15 21:53:27,Whatsminer M10S,BTC,55T,3575W,65.0W/T,0.00003050BTC,$2.98,$5.15,$-2.17,$168786.89,173%
2025-02-15 21:53:28,Antminer K5,CKB,1.13T,1580W,1398W/T,15.79895227CKB,$0.0978,$2.28,$-2.18,$0.14,2327%
2025-02-15 21:53:28,INNOSILICON A11,ETC,1500M,2500W,1.7W/M,0.06855046ETC,$1.42,$3.60,$-2.18,$52.52,254%
2025-02-15 21:53:29,IceRiver KAS KS3M,KAS,6T,3400W,567W/T,24.58544254KAS,$2.66,$4.90,$-2.24,$0.20,184%
2025-02-15 21:53:29,Whatsminer M3,BTC,11.5T,2000W,174W/T,0.00000638BTC,$0.6226,$2.88,$-2.26,$451410.66,463%
2025-02-15 21:53:30,Goldshell KD6 SE,KDA,25.3T,2300W,90.9W/T,1.91324701KDA,$1.04,$3.31,$-2.27,$1.73,319%
2025-02-15 21:53:30,Fury X 8 cards,ETHW,232M,1750W,7.5W/M,0.10248604ETHW,$0.2112,$2.52,$-2.31,$24.59,1193%
2025-02-15 21:53:31,Whatsminer M3v2,BTC,12.5T,2100W,168W/T,0.00000693BTC,$0.6767,$3.02,$-2.34,$436363.64,447%
2025-02-15 21:53:31,Goldshell CK5,CKB,12T,2400W,200W/T,167.7765CKB,$1.04,$3.46,$-2.42,$0.02,333%
2025-02-15 21:53:32,Forest EPU 1-C,ETC,2800M,3600W,1.3W/M,0.12796086ETC,$2.71,$5.18,$-2.47,$40.02,191%
2025-02-15 21:53:32,GTX TitanV 8 cards,ETC,656M,2150W,3.3W/M,0.02997940ETC,$0.6203,$3.10,$-2.48,$103.27,499%
2025-02-15 21:53:33,Goldshell KD5,KDA,18T,2250W,125W/T,1.36120341KDA,$0.7379,$3.24,$-2.50,$2.38,439%
2025-02-15 21:53:33,SuperScalar K10(Blake3),ALPH,45G,1767W,39.3W/G,0.03653022ALPH,$0.0181,$2.54,$-2.52,$69.65,14033%
2025-02-15 21:53:33,ToTuRo T1,ETC,480M,2100W,4.4W/M,0.02193615ETC,$0.4539,$3.02,$-2.57,$137.85,666%
2025-02-15 21:53:34,Goldshell KD6,KDA,29.2T,2630W,90.1W/T,2.20817442KDA,$1.20,$3.79,$-2.59,$1.72,316%
2025-02-15 21:53:34,iBeLink™ BM-N3,CKB,25T,3300W,132W/T,349.5343CKB,$2.16,$4.75,$-2.59,$0.01,220%
2025-02-15 21:53:35,iBeLink™ BM-K1+,KDA,15T,2250W,150W/T,1.13433617KDA,$0.6149,$3.24,$-2.63,$2.86,527%
2025-02-15 21:53:35,Calf Miner P2(NP 102),ETHW,290M,2016W,7.0W/M,0.12810755ETHW,$0.2640,$2.90,$-2.64,$22.66,1100%
2025-02-15 21:53:36,Vega64 8 cards,IRON,208M,2550W,12.3W/M,3.67370680IRON,$0.9344,$3.67,$-2.74,$1.00,393%
2025-02-15 21:53:36,GTX TitanX 8 cards,ETC,320M,2150W,6.7W/M,0.01462410ETC,$0.3026,$3.10,$-2.80,$211.71,1023%
2025-02-15 21:53:37,iBeLink™ DM56G,DASH,56G,2100W,37.5W/G,0.00494000DASH,$0.1332,$3.02,$-2.89,$612.15,2271%
2025-02-15 21:53:37,iBeLink™ BM-N1,CKB,6.6T,2400W,364W/T,92.27706636CKB,$0.5710,$3.46,$-2.89,$0.04,605%
2025-02-15 21:53:38,R9 380 8 cards,ETC,164M,2150W,13.1W/M,0.00749485ETC,$0.1551,$3.10,$-2.94,$413.08,1996%
2025-02-15 21:53:39,Goldshell CK6,CKB,19.3T,3300W,171W/T,269.8405CKB,$1.67,$4.75,$-3.08,$0.02,285%
2025-02-15 21:53:39,GMO B3,BTC,33T,3417W,104W/T,0.00001830BTC,$1.79,$4.92,$-3.13,$268878.69,275%
2025-02-15 21:53:40,Goldshell KD MAX,KDA,40.2T,3350W,83.3W/T,3.04002094KDA,$1.65,$4.82,$-3.17,$1.59,293%
2025-02-15 21:53:40,Toddminer C1 Pro,CKB,3T,2450W,817W/T,41.94412107CKB,$0.2595,$3.53,$-3.27,$0.08,1359%
2025-02-15 21:53:41,R9 390 8 cards,ETC,240M,2550W,10.6W/M,0.01096807ETC,$0.2269,$3.67,$-3.44,$334.79,1618%
2025-02-15 21:53:41,iBeLink™ BM-N1Max,CKB,11T,3450W,314W/T,153.7951CKB,$0.9516,$4.97,$-4.02,$0.03,522%
2025-02-15 21:53:42,Bitfury Tardis B8,BTC,80T,6300W,78.8W/T,0.00004436BTC,$4.33,$9.07,$-4.74,$204508.57,209%
2025-02-15 21:53:42,Spondoolies SPx36,DASH,540G,4400W,8.1W/G,0.04763569DASH,$1.28,$6.34,$-5.06,$133.01,493%
2025-02-15 21:53:42,SnowPanther A1,BTC,49T,6200W,127W/T,0.00002717BTC,$2.65,$8.93,$-6.28,$328597.72,337%
2025-02-15 21:58:22,VolcMiner D1 Hydro,LTC,30G,7600W,253W/G,0.04940994,$57.15,$10.94,$46.21,$0.00,19%
2025-02-15 21:58:22,ElphaPex DG Hydro 1,LTC,20G,6200W,310W/G,0.03293996,$38.10,$8.93,$29.17,$0.00,23%
2025-02-15 21:58:23,VolcMiner D1,LTC,18.5G,4250W,230W/G,0.03046946,$35.24,$6.12,$29.12,$0.00,17%
2025-02-15 21:58:23,Antminer L9,LTC,16G,3360W,210W/G,0.02635197,$30.48,$4.84,$25.64,$0.00,16%
2025-02-15 21:58:24,Goldshell AE BOX,ALEO,37M,360W,9.7W/M,51.55824868ALEO,$23.38,$0.5184,$22.86,$0.01,2%
2025-02-15 21:58:24,ElphaPex DG1+,LTC,14.4G,3888W,270W/G,0.02371677,$27.43,$5.60,$21.83,$0.00,20%
2025-02-15 21:58:25,VolcMiner D1 Lite,LTC,14G,4150W,296W/G,0.02305797,$26.67,$5.98,$20.69,$0.00,22%
2025-02-15 21:58:25,Antminer S21 XP Hyd.,BTC,473T,5676W,12.0W/T,0.00026226BTC,$25.61,$8.17,$17.44,$31165.41,32%
2025-02-15 21:58:26,ElphaPex DG1,LTC,11G,3420W,311W/G,0.01811698,$20.95,$4.92,$16.03,$0.00,24%
2025-02-15 21:58:26,Antminer S21e XP Hyd.,BTC,430T,5590W,13.0W/T,0.00023842BTC,$23.28,$8.05,$15.23,$33762.27,35%
2025-02-15 21:58:27,Antminer L7,LTC,9.5G,3425W,361W/G,0.01564648,$18.10,$4.93,$13.17,$0.00,27%
2025-02-15 21:58:27,Teraflux AI3680,BTC,365T,5475W,15.0W/T,0.00020238BTC,$19.76,$7.88,$11.88,$38956.42,40%
2025-02-15 21:58:28,Whatsminer M63S(390T),BTC,390T,7215W,18.5W/T,0.00021624BTC,$21.11,$10.39,$10.72,$48046.61,49%
2025-02-15 21:58:28,BOMBAX EZ100-PRO,ETC,15500M,3100W,0.2W/M,0.70905546ETC,$15.02,$4.46,$10.56,$5.80,30%
2025-02-15 21:58:29,Antminer S21 Hyd.,BTC,335T,5360W,16.0W/T,0.00018575BTC,$18.14,$7.72,$10.42,$41552.62,43%
2025-02-15 21:58:29,Antminer S21 XP Imm.,BTC,300T,4050W,13.5W/T,0.00016634BTC,$16.24,$5.83,$10.41,$35060.72,36%
2025-02-15 21:58:30,Antminer S21+ Hyd.,BTC,319T,4785W,15.0W/T,0.00017687BTC,$17.27,$6.89,$10.38,$38957.43,40%
2025-02-15 21:58:30,Whatsminer M63S(360T),BTC,360T,6660W,18.5W/T,0.00019961BTC,$19.49,$9.59,$9.90,$48045.69,49%
2025-02-15 21:58:30,Antminer S21 XP,BTC,270T,3645W,13.5W/T,0.00014971BTC,$14.62,$5.25,$9.37,$35059.78,36%
2025-02-15 21:58:31,Whatsminer M63(366T),BTC,366T,7283W,19.9W/T,0.00020293BTC,$19.82,$10.49,$9.33,$51680.48,53%
2025-02-15 21:58:31,BOMBAX EZ100,ETC,12500M,2300W,0.2W/M,0.57181892ETC,$12.11,$3.31,$8.80,$5.30,27%
2025-02-15 21:58:32,Whatsminer M63(334T),BTC,334T,6647W,19.9W/T,0.00018519BTC,$18.08,$9.57,$8.51,$51685.73,53%
2025-02-15 21:58:32,FLUMINER L1,LTC,5.3G,1200W,226W/G,0.00872909,$10.10,$1.73,$8.37,$0.00,17%
2025-02-15 21:58:33,Whatsminer M66S(298T),BTC,298T,5513W,18.5W/T,0.00016523BTC,$16.13,$7.94,$8.19,$48046.48,49%
2025-02-15 21:58:33,Teraflux AT2880,BTC,260T,4160W,16.0W/T,0.00014416BTC,$14.08,$5.99,$8.09,$41553.83,43%
2025-02-15 21:58:34,Antminer S21Pro,BTC,234T,3510W,15.0W/T,0.00012975BTC,$12.67,$5.05,$7.62,$38954.91,40%
2025-02-15 21:58:34,Xuan C1,ETC,12600M,3300W,0.3W/M,0.57639347ETC,$12.21,$4.75,$7.46,$7.75,39%
2025-02-15 21:58:35,Whatsminer M66S(270T),BTC,270T,4995W,18.5W/T,0.00014971BTC,$14.62,$7.19,$7.43,$48044.89,49%
2025-02-15 21:58:35,Goldshell DG MAX,LTC,6.5G,3450W,531W/G,0.01070549,$12.38,$4.97,$7.41,$0.00,40%
2025-02-15 21:58:36,Whatsminer M66(280T),BTC,280T,5572W,19.9W/T,0.00015525BTC,$15.16,$8.02,$7.14,$51682.32,53%
2025-02-15 21:58:36,Whatsminer M53S++,BTC,312T,6864W,22.0W/T,0.00017299BTC,$16.89,$9.88,$7.01,$57137.18,59%
2025-02-15 21:58:37,Avalon A1566I,BTC,249T,4500W,18.1W/T,0.00013806BTC,$13.48,$6.48,$7.00,$46936.11,48%
2025-02-15 21:58:37,Antminer S21 Imm.,BTC,215T,3440W,16.0W/T,0.00011921BTC,$11.64,$4.95,$6.69,$41553.56,43%
2025-02-15 21:58:38,Antminer S21+,BTC,216T,3564W,16.5W/T,0.00011976BTC,$11.69,$5.13,$6.56,$42853.71,44%
2025-02-15 21:58:38,Antminer S19 XP Hyd.,BTC,255T,5304W,20.8W/T,0.00014139BTC,$13.81,$7.64,$6.17,$54019.10,55%
2025-02-15 21:58:39,Whatsminer M66(238T),BTC,238T,4736W,19.9W/T,0.00013196BTC,$12.89,$6.82,$6.07,$51681.12,53%
2025-02-15 21:58:39,Teraflux AI2500,BTC,250T,5250W,21.0W/T,0.00013862BTC,$13.54,$7.56,$5.98,$54537.58,56%
2025-02-15 21:58:39,Antminer S21,BTC,200T,3500W,17.5W/T,0.00011089BTC,$10.83,$5.04,$5.79,$45450.45,47%
2025-02-15 21:58:40,Whatsminer M56S++,BTC,254T,5588W,22.0W/T,0.00014083BTC,$13.75,$8.05,$5.70,$57137.83,59%
2025-02-15 21:58:40,Antminer S19e XP Hyd.,BTC,251T,5522W,22.0W/T,0.00013917BTC,$13.59,$7.95,$5.64,$57136.45,59%
2025-02-15 21:58:41,Whatsminer M60S(186T),BTC,186T,3441W,18.5W/T,0.00010313BTC,$10.07,$4.96,$5.11,$48046.54,49%
2025-02-15 21:58:41,Avalon A1566,BTC,185T,3420W,18.5W/T,0.00010258BTC,$10.02,$4.92,$5.10,$48009.36,49%
2025-02-15 21:58:42,Antminer T21,BTC,190T,3610W,19.0W/T,0.00010535BTC,$10.29,$5.20,$5.09,$49344.09,51%
2025-02-15 21:58:42,Antminer KS5 Pro,KAS,21T,3150W,150W/T,86.03688101KAS,$9.30,$4.54,$4.76,$0.05,49%
2025-02-15 21:58:43,Whatsminer M60S(170T),BTC,170T,3145W,18.5W/T,0.00009426BTC,$9.20,$4.53,$4.67,$48045.83,49%
2025-02-15 21:58:43,Antminer KS5,KAS,20T,3000W,150W/T,81.93988668KAS,$8.86,$4.32,$4.54,$0.05,49%
2025-02-15 21:58:44,Avalon A1466I,BTC,170T,3320W,19.5W/T,0.00009426BTC,$9.20,$4.78,$4.42,$50719.29,52%
2025-02-15 21:58:44,Whatsminer M60(172T),BTC,172T,3423W,19.9W/T,0.00009537BTC,$9.31,$4.93,$4.38,$51684.18,53%
2025-02-15 21:58:45,1024Miner LD4,LTC,4.9G,3450W,704W/G,0.00807029,$9.33,$4.97,$4.36,$0.00,53%
2025-02-15 21:58:45,Hammer D10+,LTC,5G,3700W,740W/G,0.00823499,$9.52,$5.33,$4.19,$0.00,56%
2025-02-15 21:58:45,Teraflux AT1500,BTC,185T,4070W,22.0W/T,0.00010258BTC,$10.02,$5.86,$4.16,$57133.94,59%
2025-02-15 21:58:46,Whatsminer M60(156T),BTC,156T,3104W,19.9W/T,0.00008650BTC,$8.45,$4.47,$3.98,$51673.53,53%
2025-02-15 21:58:46,Goldshell E-DG1M,LTC,3.4G,1800W,529W/G,0.00559979,$6.48,$2.59,$3.89,$0.00,40%
2025-02-15 21:58:47,Antminer S19j XP,BTC,151T,3247W,21.5W/T,0.00008372BTC,$8.18,$4.68,$3.50,$55849.02,57%
2025-02-15 21:58:47,Antminer S19 XP,BTC,140T,3010W,21.5W/T,0.00007763BTC,$7.58,$4.33,$3.25,$55834.08,57%
2025-02-15 21:58:48,Whatsminer M50S++,BTC,140T,3080W,22.0W/T,0.00007763BTC,$7.58,$4.44,$3.14,$57132.55,59%
2025-02-15 21:58:48,Avalon A1466,BTC,150T,3500W,23.3W/T,0.00008317BTC,$8.12,$5.04,$3.08,$60598.77,62%
2025-02-15 21:58:49,Whatsminer M53,BTC,238T,6902W,29.0W/T,0.00013196BTC,$12.89,$9.94,$2.95,$75317.37,77%
2025-02-15 21:58:49,Antminer S19 Pro+ Hyd.,BTC,198T,5445W,27.5W/T,0.00010978BTC,$10.72,$7.84,$2.88,$71422.85,73%
2025-02-15 21:58:50,JASMINER X16-P,ETC,5800M,1900W,0.3W/M,0.26532398ETC,$5.62,$2.74,$2.88,$9.82,49%
2025-02-15 21:58:50,Hammer D10+(Underclocked),LTC,2.1G,890W,424W/G,0.00345870,$4.00,$1.28,$2.72,$0.00,32%
2025-02-15 21:58:51,BOMBAX EZ100-C,ETC,3800M,760W,0.2W/M,0.17383295ETC,$3.68,$1.09,$2.59,$5.80,30%
2025-02-15 21:58:51,Antminer S19k Pro,BTC,120T,2760W,23.0W/T,0.00006654BTC,$6.50,$3.97,$2.53,$59729.49,61%
2025-02-15 21:58:52,Antminer KA3,KDA,166T,3154W,19.0W/T,12.59492067KDA,$6.83,$4.54,$2.29,$0.36,67%
2025-02-15 21:58:52,Avalon A1366,BTC,130T,3300W,25.4W/T,0.00007208BTC,$7.04,$4.75,$2.29,$65926.75,68%
2025-02-15 21:58:52,Whatsminer M33S++,BTC,229T,7099W,31.0W/T,0.00012697BTC,$12.40,$10.22,$2.18,$80511.62,82%
2025-02-15 21:58:53,Whatsminer M50S,BTC,125T,3250W,26.0W/T,0.00006931BTC,$6.77,$4.68,$2.09,$67522.72,69%
2025-02-15 21:58:53,Antminer S19j Pro+,BTC,122T,3355W,27.5W/T,0.00006764BTC,$6.61,$4.83,$1.78,$71425.19,73%
2025-02-15 21:58:54,Goldshell LT6,LTC,3.35G,3200W,955W/G,0.00551744,$6.38,$4.61,$1.77,$0.00,72%
2025-02-15 21:58:54,IceRiver KAS KS5M,KAS,15T,3400W,227W/T,61.45491501KAS,$6.64,$4.90,$1.74,$0.08,74%
2025-02-15 21:58:55,iBeLink BMS3,SC,19T,3100W,163W/T,1517.9808SC,$6.11,$4.46,$1.65,$0.00,73%
2025-02-15 21:58:55,Avalon A1366I,BTC,122T,3570W,29.3W/T,0.00006764BTC,$6.61,$5.14,$1.47,$76002.37,78%
2025-02-15 21:58:56,Antminer Z15 Pro,ZEC,840K,2560W,3.0W/K,0.16051268ZEC,$5.15,$3.69,$1.46,$22.97,72%
2025-02-15 21:58:56,Whatsminer M50,BTC,115T,3335W,29.0W/T,0.00006376BTC,$6.23,$4.80,$1.43,$75319.95,77%
2025-02-15 21:58:57,Antminer S19 Pro,BTC,110T,3250W,29.5W/T,0.00006099BTC,$5.96,$4.68,$1.28,$76733.89,79%
2025-02-15 21:58:57,Antminer AL1,ALPH,15.6T,3510W,225W/T,12.66480800ALPH,$6.29,$5.05,$1.24,$0.40,80%
2025-02-15 21:58:58,JASMINER X16-Q Pro,ETC,2050M,520W,0.3W/M,0.09377830ETC,$1.99,$0.7488,$1.24,$7.49,38%
2025-02-15 21:58:58,KOI Miner C16 Max,BTC,113T,3400W,30.1W/T,0.00006265BTC,$6.12,$4.90,$1.22,$78148.44,80%
2025-02-15 21:58:59,Antminer S19j Pro,BTC,104T,3068W,29.5W/T,0.00005766BTC,$5.63,$4.42,$1.21,$76620.19,78%
2025-02-15 21:58:59,Avalon A1346,BTC,110T,3300W,30.0W/T,0.00006099BTC,$5.96,$4.75,$1.21,$77914.41,80%
2025-02-15 21:59:00,Innosilicon A6+,LTC,2.2G,2100W,955W/G,0.00362340,$4.19,$3.02,$1.17,$0.00,72%
2025-02-15 21:59:00,Antminer S19j,BTC,100T,2950W,29.5W/T,0.00005545BTC,$5.41,$4.25,$1.16,$76609.56,78%
2025-02-15 21:59:00,Whatsminer M33S+,BTC,209T,7106W,34.0W/T,0.00011588BTC,$11.32,$10.23,$1.09,$88303.76,90%
2025-02-15 21:59:01,Whatsminer M30S++,BTC,112T,3472W,31.0W/T,0.00006210BTC,$6.06,$5.00,$1.06,$80510.14,82%
2025-02-15 21:59:01,Antminer K7,CKB,63.5T,3080W,48.5W/T,887.6936CKB,$5.49,$4.44,$1.05,$0.00,81%
2025-02-15 21:59:02,Goldshell LT-Lite,LTC,1.62G,1450W,895W/G,0.00266814,$3.09,$2.09,$1.00,$0.00,68%
2025-02-15 21:59:02,JASMINER X16-Q,ETC,1950M,620W,0.3W/M,0.08920375ETC,$1.89,$0.8928,$1.00,$9.51,47%
2025-02-15 21:59:03,IceRiver ALPH AL3,ALPH,15T,3500W,233W/T,12.17770000ALPH,$6.04,$5.04,$1.00,$0.41,83%
2025-02-15 21:59:03,Goldshell LT5,LTC,2.05G,2080W,1015W/G,0.00337635,$3.91,$3.00,$0.91,$0.00,77%
2025-02-15 21:59:04,JASMINER X16-QE,ETC,1750M,550W,0.3W/M,0.08005465ETC,$1.70,$0.7920,$0.91,$9.40,47%
2025-02-15 21:59:04,Goldshell Mini DOGE Ⅲ PLUS,LTC,0.81G,500W,617W/G,0.00133407,$1.54,$0.7200,$0.82,$0.00,47%
2025-02-15 21:59:05,Goldshell SC6 SE,SC,17T,3300W,194W/T,1358.1934SC,$5.47,$4.75,$0.72,$0.00,87%
2025-02-15 21:59:05,KOI Miner C16 Pro,BTC,98T,3200W,32.7W/T,0.00005434BTC,$5.31,$4.61,$0.70,$84799.41,87%
2025-02-15 21:59:06,Avalon A1326,BTC,106T,3520W,33.2W/T,0.00005877BTC,$5.74,$5.07,$0.67,$86248.09,88%
2025-02-15 21:59:06,Goldshell Mini DOGE Ⅲ,LTC,0.65G,400W,615W/G,0.00107055,$1.24,$0.5760,$0.66,$0.00,47%
2025-02-15 21:59:07,Antminer D9,DASH,1770G,2839W,1.6W/G,0.17578374DASH,$4.74,$4.09,$0.65,$23.26,86%
2025-02-15 21:59:07,JASMINER X4,ETC,2500M,1200W,0.5W/M,0.11436378ETC,$2.37,$1.73,$0.64,$15.11,73%
2025-02-15 21:59:08,Whatsminer M30S+,BTC,100T,3400W,34.0W/T,0.00005545BTC,$5.41,$4.90,$0.51,$88295.76,90%
2025-02-15 21:59:08,Antminer S19,BTC,95T,3250W,34.2W/T,0.00005267BTC,$5.14,$4.68,$0.46,$88855.14,91%
2025-02-15 21:59:08,RTX 4090 8 cards,CFX,960M,2700W,2.8W/M,37.10961653CFX,$4.34,$3.89,$0.45,$0.10,90%
2025-02-15 21:59:09,JASMINER X4-Q,ETC,1040M,370W,0.4W/M,0.04757533ETC,$0.9844,$0.5328,$0.45,$11.20,54%
2025-02-15 21:59:09,IceRiver KAS KS5L,KAS,12T,3400W,283W/T,49.16393201KAS,$5.31,$4.90,$0.41,$0.10,92%
2025-02-15 21:59:10,Antminer Z15,ZEC,420K,1510W,3.6W/K,0.08025634ZEC,$2.57,$2.17,$0.40,$27.09,84%
2025-02-15 21:59:10,KOI Miner C16,BTC,92T,3200W,34.8W/T,0.00005101BTC,$4.98,$4.61,$0.37,$90335.23,93%
2025-02-15 21:59:11,Ebit E17,BTC,100T,3500W,35.0W/T,0.00005545BTC,$5.41,$5.04,$0.37,$90892.70,93%
2025-02-15 21:59:11,Avalon A1266,BTC,100T,3500W,35.0W/T,0.00005545BTC,$5.41,$5.04,$0.37,$90892.70,93%
2025-02-15 21:59:12,Antminer E9 Pro,ETC,3680M,2200W,0.6W/M,0.16834349ETC,$3.48,$3.17,$0.31,$18.82,91%
2025-02-15 21:59:12,Goldshell LT5 Pro,LTC,2.455G,3100W,1263W/G,0.00404338,$4.68,$4.46,$0.22,$83.60,95%
2025-02-15 21:59:13,Goldshell Mini DOGE Ⅱ,LTC,0.42G,400W,952W/G,0.00069174,$0.8001,$0.5760,$0.22,$0.00,72%
2025-02-15 21:59:13,RTX 3060 LHR 8 cards,CFX,336M,920W,2.7W/M,12.98836579CFX,$1.52,$1.32,$0.20,$0.10,87%
2025-02-15 21:59:14,Innosilicon A6 LTCMaster,LTC,1.23G,1500W,1220W/G,0.00202581,$2.34,$2.16,$0.18,$45.82,92%
2025-02-15 21:59:14,IceRiver KAS KS2 LITE,KAS,2T,500W,250W/T,8.19398867KAS,$0.8855,$0.7200,$0.17,$0.09,81%
2025-02-15 21:59:15,Goldshell XS6,LTC,1.78G,2250W,1264W/G,0.00293166,$3.39,$3.24,$0.15,$84.75,96%
2025-02-15 21:59:15,JASMINER X4-1U,ETC,520M,240W,0.5W/M,0.02378767ETC,$0.4922,$0.3456,$0.14,$14.53,70%
2025-02-15 21:59:16,RTX 3070 8 cards,CFX,422M,1240W,2.9W/M,16.31276893CFX,$1.91,$1.79,$0.12,$0.11,94%
2025-02-15 21:59:16,Innosilicon A4+ LTCMaster,LTC,0.62G,750W,1210W/G,0.00102114,$1.18,$1.08,$0.10,$37.22,91%
2025-02-15 21:59:17,IceRiver ALPH AL2 LITE,ALPH,2T,500W,250W/T,1.62369333ALPH,$0.8059,$0.7200,$0.09,$0.44,89%
2025-02-15 21:59:17,JASMINER X4-C,ETC,450M,240W,0.5W/M,0.02058548ETC,$0.4259,$0.3456,$0.08,$16.79,81%
2025-02-15 21:59:18,Goldshell Mini-DOGE Pro,LTC,0.205G,220W,1073W/G,0.00033763,$0.3905,$0.3168,$0.07,$0.00,81%
2025-02-15 21:59:18,iPollo V1 mini SE Plus,ETC,400M,232W,0.6W/M,0.01829821ETC,$0.3877,$0.3341,$0.06,$17.76,86%
2025-02-15 21:59:19,IceRiver KAS0 ULTRA,KAS,0.4T,100W,250W/T,1.63879773KAS,$0.1771,$0.1440,$0.04,$0.09,81%
2025-02-15 21:59:19,Goldshell SC-Lite,SC,4.4T,950W,216W/T,351.5324SC,$1.41,$1.37,$0.04,$0.00,97%
2025-02-15 21:59:20,Goldshell SC BOX Ⅱ,SC,1.9T,400W,211W/T,151.7981SC,$0.6108,$0.5760,$0.03,$0.00,94%
2025-02-15 21:59:20,JASMINER X4 BRICK,ETC,65M,30W,0.5W/M,0.00297346ETC,$0.0615,$0.0432,$0.02,$14.53,70%
2025-02-15 21:59:21,iPollo V1 mini SE,ETC,200M,116W,0.6W/M,0.00914910ETC,$0.1938,$0.1670,$0.02,$17.76,86%
2025-02-15 21:59:21,IceRiver ALPH AL0,ALPH,400G,100W,0.3W/G,0.32473867ALPH,$0.1612,$0.1440,$0.02,$0.44,89%
2025-02-15 21:59:22,Antminer T19,BTC,84T,3150W,37.5W/T,0.00004658BTC,$4.55,$4.54,$0.01,$97380.85,100%
2025-02-15 21:59:22,Goldshell Mini-DOGE,LTC,0.185G,233W,1259W/G,0.00030469,$0.3524,$0.3355,$0.01,$80.74,95%
2025-02-15 21:59:23,Goldshell SC-BOX,SC,0.9T,200W,222W/T,71.90435406SC,$0.2893,$0.2880,$0.00,$0.00,100%
2025-02-15 21:59:23,iPollo V1 mini Classic WiFi,ETC,130M,104W,0.8W/M,0.00594692ETC,$0.1260,$0.1498,$-0.02,$24.69,119%
2025-02-15 21:59:24,FusionSilicon X6,LTC,0.86G,1160W,1349W/G,0.00141642,$1.64,$1.67,$-0.03,$158.85,102%
2025-02-15 21:59:24,GrayMiner G7,BTC,90T,3400W,37.8W/T,0.00004990BTC,$4.87,$4.90,$-0.03,$98116.23,100%
2025-02-15 21:59:25,Hippo Miner H2,BTC,90T,3400W,37.8W/T,0.00004990BTC,$4.87,$4.90,$-0.03,$98116.23,100%
2025-02-15 21:59:25,RTX 3060 8 cards,CFX,336M,1080W,3.2W/M,12.98836579CFX,$1.52,$1.56,$-0.04,$0.12,102%
2025-02-15 21:59:25,Anex ET3,ETC,300M,220W,0.7W/M,0.01372365ETC,$0.2840,$0.3168,$-0.04,$23.08,112%
2025-02-15 21:59:26,Anex ET-3,ETC,300M,220W,0.7W/M,0.01372365ETC,$0.2840,$0.3168,$-0.04,$23.08,112%
2025-02-15 21:59:26,iPollo X1,ETC,315M,240W,0.8W/M,0.01440984ETC,$0.3053,$0.3456,$-0.04,$23.49,113%
2025-02-15 21:59:27,Avalon A1246,BTC,90T,3420W,38.0W/T,0.00004990BTC,$4.87,$4.92,$-0.05,$98693.39,101%
2025-02-15 21:59:27,Cheetah Miner F7S,BTC,90T,3420W,38.0W/T,0.00004990BTC,$4.87,$4.92,$-0.05,$98693.39,101%
2025-02-15 21:59:28,IceRiver KAS KS0,KAS,0.1T,65W,650W/T,0.40969943KAS,$0.0443,$0.0936,$-0.05,$0.23,211%
2025-02-15 21:59:28,Whatsminer M30S,BTC,88T,3344W,38.0W/T,0.00004879BTC,$4.76,$4.82,$-0.06,$98695.63,101%
2025-02-15 21:59:29,Goldshell KA BOX,KAS,1.18T,400W,339W/T,4.83445331KAS,$0.5224,$0.5760,$-0.06,$0.12,110%
2025-02-15 21:59:29,Goldshell X5S,LTC,1.36G,1850W,1360W/G,0.00223992,$2.59,$2.66,$-0.07,$168.90,103%
2025-02-15 21:59:30,YM-200mini,ETC,200M,180W,0.9W/M,0.00914910ETC,$0.1893,$0.2592,$-0.07,$28.33,137%
2025-02-15 21:59:30,iPollo V1 mini,ETHW,300M,240W,0.8W/M,0.13168751ETHW,$0.2714,$0.3456,$-0.08,$2.62,127%
2025-02-15 21:59:31,RTX 3070Ti 8 cards,CFX,552M,1800W,3.3W/M,21.33802951CFX,$2.49,$2.59,$-0.10,$0.12,104%
2025-02-15 21:59:31,RX 6800 8 cards,IRON,320M,1072W,3.4W/M,5.62508268IRON,$1.43,$1.54,$-0.11,$0.27,108%
2025-02-15 21:59:32,Anex ET-5,ETC,1200M,870W,0.7W/M,0.05489462ETC,$1.14,$1.25,$-0.11,$22.82,110%
2025-02-15 21:59:32,Goldshell AL BOX,ALPH,360G,180W,0.5W/G,0.29226480ALPH,$0.1451,$0.2592,$-0.11,$0.89,179%
2025-02-15 21:59:32,iPollo V1H,ETC,850M,650W,0.8W/M,0.03888369ETC,$0.8238,$0.9360,$-0.12,$23.58,114%
2025-02-15 21:59:33,Antminer S17 Pro(50T),BTC,50T,1975W,39.5W/T,0.00002772BTC,$2.71,$2.84,$-0.13,$102597.40,105%
2025-02-15 21:59:33,Antminer S17 Pro,BTC,53T,2094W,39.5W/T,0.00002939BTC,$2.87,$3.02,$-0.15,$102598.16,105%
2025-02-15 21:59:34,Goldshell KA BOX PRO,KAS,1.6T,600W,375W/T,6.55519093KAS,$0.7084,$0.8640,$-0.15,$0.13,122%
2025-02-15 21:59:34,Goldshell E-KA1M,KAS,5.5T,1800W,327W/T,22.53346884KAS,$2.44,$2.59,$-0.15,$0.12,106%
2025-02-15 21:59:35,Anex ET5,ETHW,1200M,870W,0.7W/M,0.52675005ETHW,$1.09,$1.25,$-0.16,$2.38,115%
2025-02-15 21:59:35,RTX 3060Ti 8 cards,CFX,384M,1320W,3.4W/M,14.84384661CFX,$1.73,$1.90,$-0.17,$0.13,110%
2025-02-15 21:59:36,RX 5600XT 8 cards,IRON,220M,800W,3.6W/M,3.86724434IRON,$0.9836,$1.15,$-0.17,$0.30,117%
2025-02-15 21:59:36,RTX 3060Ti LHR 8 cards,CFX,384M,1320W,3.4W/M,14.84384661CFX,$1.73,$1.90,$-0.17,$0.13,110%
2025-02-15 21:59:37,Antminer L3+,LTC,0.504G,800W,1587W/G,0.00083009,$0.9601,$1.15,$-0.19,$367.35,120%
2025-02-15 21:59:37,TheWindMiner K9,KAS,10.3T,3300W,320W/T,42.19904164KAS,$4.56,$4.75,$-0.19,$0.11,104%
2025-02-15 21:59:38,Goldshell CK-BOX,CKB,1.05T,215W,205W/T,14.67839859CKB,$0.0908,$0.3096,$-0.22,$0.02,341%
2025-02-15 21:59:38,Goldshell KD BOX PRO,KDA,2.6T,230W,88.5W/T,0.19726984KDA,$0.1069,$0.3312,$-0.22,$1.68,310%
2025-02-15 21:59:38,Antminer S17+(67T),BTC,67T,2680W,40.0W/T,0.00003715BTC,$3.63,$3.86,$-0.23,$103881.56,106%
2025-02-15 21:59:39,Goldshell KD BOX,KDA,1.6T,205W,128W/T,0.12139683KDA,$0.0658,$0.2952,$-0.23,$2.43,449%
2025-02-15 21:59:39,Goldshell AL BOX Ⅱ,ALPH,720G,360W,0.5W/G,0.58452960ALPH,$0.2901,$0.5184,$-0.23,$0.89,179%
2025-02-15 21:59:40,RTX 2080Ti 8 cards,CFX,468M,1640W,3.5W/M,18.09093806CFX,$2.11,$2.36,$-0.25,$0.13,112%
2025-02-15 21:59:40,Antminer S17+,BTC,73T,2920W,40.0W/T,0.00004048BTC,$3.95,$4.20,$-0.25,$103873.52,106%
2025-02-15 21:59:41,iBeLink BM-KS Max,KAS,10.5T,3400W,324W/T,43.01844051KAS,$4.65,$4.90,$-0.25,$0.11,105%
2025-02-15 21:59:41,Dragonball Miner KS6,KAS,10.5T,3400W,324W/T,43.01844051KAS,$4.65,$4.90,$-0.25,$0.11,105%
2025-02-15 21:59:42,Antminer L3++,LTC,0.58G,942W,1624W/G,0.00095526,$1.10,$1.36,$-0.26,$399.61,123%
2025-02-15 21:59:42,RTX 3080 8 cards,CFX,616M,2120W,3.4W/M,23.81200394CFX,$2.78,$3.05,$-0.27,$0.13,110%
2025-02-15 21:59:43,Tibit X8,ETC,2300M,1700W,0.7W/M,0.10521468ETC,$2.18,$2.45,$-0.27,$23.27,112%
2025-02-15 21:59:43,Hummer Miner H9 Pro,BTC,84T,3360W,40.0W/T,0.00004658BTC,$4.55,$4.84,$-0.29,$103872.91,106%
2025-02-15 21:59:44,Hornbill H8 Pro,BTC,84T,3360W,40.0W/T,0.00004658BTC,$4.55,$4.84,$-0.29,$103872.91,106%
2025-02-15 21:59:44,Goldshell AL BOX Ⅱ PLUS,ALPH,1T,480W,480W/T,0.81184667ALPH,$0.4030,$0.6912,$-0.29,$0.85,172%
2025-02-15 21:59:44,RX 6600 8 cards,IRON,152M,680W,4.5W/M,2.67191427IRON,$0.6796,$0.9792,$-0.30,$0.37,144%
2025-02-15 21:59:45,Dragonball Miner KS6 Pro+,KAS,11T,3600W,327W/T,45.06693767KAS,$4.87,$5.18,$-0.31,$0.12,106%
2025-02-15 21:59:45,BW L21,LTC,0.55G,950W,1727W/G,0.00090585,$1.05,$1.37,$-0.32,$489.75,131%
2025-02-15 21:59:46,GTX 1660Ti 8 cards,CFX,197.6M,840W,4.3W/M,7.63839607CFX,$0.8926,$1.21,$-0.32,$0.16,136%
2025-02-15 21:59:46,Goldshell AL BOX Ⅲ,ALPH,1.25T,600W,480W/T,1.01480833ALPH,$0.5037,$0.8640,$-0.36,$0.85,172%
2025-02-15 21:59:47,Antminer Z9 Mini,ZEC,10K,300W,30.0W/K,0.00191087ZEC,$0.0613,$0.4320,$-0.37,$226.08,705%
2025-02-15 21:59:47,RTX 2080 8 cards,CFX,390M,1480W,3.8W/M,15.07578172CFX,$1.76,$2.13,$-0.37,$0.14,121%
2025-02-15 21:59:48,Goldshell KD BOX Ⅱ,KDA,5T,400W,80.0W/T,0.37936508KDA,$0.2057,$0.5760,$-0.37,$1.52,280%
2025-02-15 21:59:48,Goldshell CK-BOX Ⅱ,CKB,2.1T,400W,190W/T,29.35679718CKB,$0.1816,$0.5760,$-0.40,$0.02,317%
2025-02-15 21:59:49,IceRiver KAS KS1,KAS,1T,600W,600W/T,4.09699433KAS,$0.4428,$0.8640,$-0.42,$0.21,195%
2025-02-15 21:59:49,YM-106,ETC,1200M,1100W,0.9W/M,0.05489462ETC,$1.14,$1.58,$-0.44,$28.86,139%
2025-02-15 21:59:49,RTX 2060 8 cards,CFX,272M,1160W,4.3W/M,10.51439135CFX,$1.23,$1.67,$-0.44,$0.16,136%
2025-02-15 21:59:50,Ebit E11++,BTC,44T,1980W,45.0W/T,0.00002440BTC,$2.38,$2.85,$-0.47,$116852.46,120%
2025-02-15 21:59:50,Goldshell X5,LTC,0.85G,1450W,1706W/G,0.00139995,$1.62,$2.09,$-0.47,$471.04,129%
2025-02-15 21:59:51,GTX 1660 8 cards,CFX,159.2M,840W,5.3W/M,6.15401141CFX,$0.7192,$1.21,$-0.49,$0.20,168%
2025-02-15 21:59:51,RX 6800XT 8 cards,IRON,328M,1360W,4.1W/M,5.76570974IRON,$1.47,$1.96,$-0.49,$0.34,134%
2025-02-15 21:59:52,Antminer E9,ETC,2400M,1920W,0.8W/M,0.10978923ETC,$2.27,$2.76,$-0.49,$25.18,122%
2025-02-15 21:59:52,Whatsminer M31S+,BTC,80T,3360W,42.0W/T,0.00004436BTC,$4.33,$4.84,$-0.51,$109071.24,112%
2025-02-15 21:59:53,Avalon 1166 Pro,BTC,81T,3400W,42.0W/T,0.00004491BTC,$4.39,$4.90,$-0.51,$109018.04,112%
2025-02-15 21:59:53,GTX 1660S 8 cards,CFX,179.2M,920W,5.1W/M,6.92712842CFX,$0.8095,$1.32,$-0.51,$0.19,164%
2025-02-15 21:59:54,RX 5500XT 8 cards,IRON,144M,800W,5.6W/M,2.53128720IRON,$0.6438,$1.15,$-0.51,$0.46,179%
2025-02-15 21:59:54,RTX 3080Ti 8 cards,CFX,792M,2840W,3.6W/M,30.61543364CFX,$3.58,$4.09,$-0.51,$0.13,114%
2025-02-15 21:59:55,Bee Computing B2T,BTC,21T,1155W,55.0W/T,0.00001164BTC,$1.14,$1.66,$-0.52,$142886.60,146%
2025-02-15 21:59:55,RX 5700XT 8 cards,IRON,284M,1240W,4.4W/M,4.99226088IRON,$1.27,$1.79,$-0.52,$0.36,141%
2025-02-15 21:59:55,StrongU STU-U8,BTC,46T,2100W,45.7W/T,0.00002551BTC,$2.49,$3.02,$-0.53,$118541.75,121%
2025-02-15 21:59:56,Obelisk SC1,SC,0.55T,500W,909W/T,43.94154970SC,$0.1768,$0.7200,$-0.54,$0.02,407%
2025-02-15 21:59:56,Antminer S17,BTC,53T,2385W,45.0W/T,0.00002939BTC,$2.87,$3.43,$-0.56,$116856.07,120%
2025-02-15 21:59:57,RTX 2070 8 cards,CFX,296M,1320W,4.5W/M,11.44213176CFX,$1.34,$1.90,$-0.56,$0.17,142%
2025-02-15 21:59:57,RTX 3090 8 cards,CFX,752M,2760W,3.7W/M,29.06919962CFX,$3.40,$3.97,$-0.57,$0.14,117%
2025-02-15 21:59:58,INNOSILICON Equihash A9 ZMaster,ZEC,50K,620W,12.4W/K,0.00955433ZEC,$0.3065,$0.8928,$-0.58,$93.44,291%
2025-02-15 21:59:58,RX 5700 8 cards,IRON,268M,1240W,4.6W/M,4.71100674IRON,$1.20,$1.79,$-0.59,$0.38,149%
2025-02-15 21:59:59,INNOSILICON A10(365M),ETHW,365M,650W,1.8W/M,0.16021981ETHW,$0.3302,$0.9360,$-0.61,$5.84,283%
2025-02-15 21:59:59,INNOSILICON A10 Pro(500M),ETHW,500M,750W,1.5W/M,0.21947919ETHW,$0.4523,$1.08,$-0.63,$4.92,239%
2025-02-15 22:00:00,Forest EPU XC,ETC,4250M,3315W,0.8W/M,0.19441843ETC,$4.12,$4.77,$-0.65,$24.06,116%
2025-02-15 22:00:00,Whatsminer M20,BTC,45T,2160W,48.0W/T,0.00002495BTC,$2.44,$3.11,$-0.67,$124665.33,128%
2025-02-15 22:00:01,Antminer S17e,BTC,64T,2880W,45.0W/T,0.00003549BTC,$3.47,$4.15,$-0.68,$116855.45,120%
2025-02-15 22:00:01,INNOSILICON T3,BTC,43T,2100W,48.8W/T,0.00002384BTC,$2.33,$3.02,$-0.69,$126845.64,130%
2025-02-15 22:00:02,YM-C01/C02,ETC,2000M,1800W,0.9W/M,0.09149103ETC,$1.89,$2.59,$-0.70,$28.33,137%
2025-02-15 22:00:02,Bitexpress R1,BTC,21T,1300W,61.9W/T,0.00001164BTC,$1.14,$1.87,$-0.73,$160824.74,165%
2025-02-15 22:00:03,INNOSILICON A10(485M),ETHW,485M,850W,1.8W/M,0.21289481ETHW,$0.4387,$1.22,$-0.78,$5.75,279%
2025-02-15 22:00:03,Antminer S15,BTC,28T,1596W,57.0W/T,0.00001553BTC,$1.52,$2.30,$-0.78,$147987.12,152%
2025-02-15 22:00:04,Hornbill H8,BTC,74T,3330W,45.0W/T,0.00004103BTC,$4.01,$4.80,$-0.79,$116870.58,120%
2025-02-15 22:00:04,Whatsminer M10(Underclocked),BTC,25T,1500W,60.0W/T,0.00001386BTC,$1.35,$2.16,$-0.81,$155844.16,160%
2025-02-15 22:00:04,Avalon 1041,BTC,31T,1736W,56.0W/T,0.00001719BTC,$1.68,$2.50,$-0.82,$145424.08,149%
2025-02-15 22:00:05,Goldshell E-AL1M,ALPH,4.4T,1800W,409W/T,3.57212533ALPH,$1.77,$2.59,$-0.82,$0.73,146%
2025-02-15 22:00:05,IceRiver KAS KS2,KAS,2T,1200W,600W/T,8.19398867KAS,$0.8855,$1.73,$-0.84,$0.21,195%
2025-02-15 22:00:06,Baikal BK-X(X11),DASH,10G,630W,63.0W/G,0.00099313DASH,$0.0268,$0.9072,$-0.88,$913.48,3388%
2025-02-15 22:00:06,Antminer KS3,KAS,9.4T,3500W,372W/T,38.51174674KAS,$4.16,$5.04,$-0.88,$0.13,121%
2025-02-15 22:00:07,Ebit E12+,BTC,50T,2500W,50.0W/T,0.00002772BTC,$2.71,$3.60,$-0.89,$129870.13,133%
2025-02-15 22:00:07,Whatsminer M31S,BTC,74T,3400W,45.9W/T,0.00004103BTC,$4.01,$4.90,$-0.89,$119327.32,122%
2025-02-15 22:00:08,YM-105/108(Black),ETC,2100M,2000W,1.0W/M,0.09606558ETC,$1.99,$2.88,$-0.89,$29.98,145%
2025-02-15 22:00:08,Whatsminer M21,BTC,28T,1680W,60.0W/T,0.00001553BTC,$1.52,$2.42,$-0.90,$155775.92,160%
2025-02-15 22:00:09,Bolonminer B11,BTC,72T,3330W,46.3W/T,0.00003992BTC,$3.90,$4.80,$-0.90,$120120.24,123%
2025-02-15 22:00:09,Avalon 1166,BTC,68T,3196W,47.0W/T,0.00003770BTC,$3.68,$4.60,$-0.92,$122075.33,125%
2025-02-15 22:00:10,Ebit E11+,BTC,37T,2035W,55.0W/T,0.00002052BTC,$2.00,$2.93,$-0.93,$142807.02,146%
2025-02-15 22:00:10,Whatsminer M20S(62T),BTC,62T,2976W,48.0W/T,0.00003438BTC,$3.36,$4.29,$-0.93,$124649.21,128%
2025-02-15 22:00:10,iBeLink™ BM-K1,KDA,5.3T,800W,151W/T,0.40212699KDA,$0.2180,$1.15,$-0.93,$2.86,528%
2025-02-15 22:00:11,Antminer S9,BTC,14T,1190W,85.0W/T,0.00000776BTC,$0.7580,$1.71,$-0.95,$220824.74,226%
2025-02-15 22:00:11,Goldshell KD2,KDA,6T,830W,138W/T,0.45523810KDA,$0.2468,$1.20,$-0.95,$2.63,484%
2025-02-15 22:00:12,Antminer S11,BTC,20.5T,1435W,70.0W/T,0.00001137BTC,$1.11,$2.07,$-0.96,$181741.42,186%
2025-02-15 22:00:13,Antminer T15,BTC,23T,1541W,67.0W/T,0.00001275BTC,$1.25,$2.22,$-0.97,$174042.35,178%
2025-02-15 22:00:13,Whatsminer M20S(65T),BTC,65T,3120W,48.0W/T,0.00003604BTC,$3.52,$4.49,$-0.97,$124661.49,128%
2025-02-15 22:00:13,Antminer S9 SE,BTC,16T,1280W,80.0W/T,0.00000887BTC,$0.8663,$1.84,$-0.97,$207801.58,213%
2025-02-15 22:00:14,iPollo V1,ETC,3600M,3100W,0.9W/M,0.16468385ETC,$3.49,$4.46,$-0.97,$26.61,128%
2025-02-15 22:00:14,Antminer T17+(55T),BTC,55T,2750W,50.0W/T,0.00003050BTC,$2.98,$3.96,$-0.98,$129836.07,133%
2025-02-15 22:00:15,RX 6700XT 8 cards,IRON,244M,1440W,5.9W/M,4.28912554IRON,$1.09,$2.07,$-0.98,$0.48,190%
2025-02-15 22:00:15,INNOSILICON A5,DASH,32.5G,750W,23.1W/G,0.00322767DASH,$0.0870,$1.08,$-0.99,$334.61,1241%
2025-02-15 22:00:16,INNOSILICON T3(39T),BTC,39T,2150W,55.1W/T,0.00002162BTC,$2.11,$3.10,$-0.99,$143200.74,147%
2025-02-15 22:00:16,Antminer T17,BTC,40T,2200W,55.0W/T,0.00002218BTC,$2.17,$3.17,$-1.00,$142831.38,146%
2025-02-15 22:00:17,Whatsminer M20S,BTC,68T,3260W,47.9W/T,0.00003770BTC,$3.68,$4.69,$-1.01,$124519.89,128%
2025-02-15 22:00:17,YM-100/104/107(Silver),ETC,2400M,2300W,1.0W/M,0.10978923ETC,$2.27,$3.31,$-1.04,$30.17,146%
2025-02-15 22:00:18,Panda B9(RX 5700XT),ETC,330M,950W,2.9W/M,0.01509602ETC,$0.3123,$1.37,$-1.06,$90.62,438%
2025-02-15 22:00:18,RX 6900XT 8 cards,IRON,328M,1760W,5.4W/M,5.76570974IRON,$1.47,$2.53,$-1.06,$0.44,173%
2025-02-15 22:00:19,Avalon A1246I,BTC,71T,3400W,47.9W/T,0.00003937BTC,$3.84,$4.90,$-1.06,$124358.65,127%
2025-02-15 22:00:19,iPollo B1L,BTC,60T,3000W,50.0W/T,0.00003327BTC,$3.25,$4.32,$-1.07,$129846.71,133%
2025-02-15 22:00:20,IceRiver KAS KS3,KAS,8T,3200W,400W/T,32.77595467KAS,$3.54,$4.61,$-1.07,$0.14,130%
2025-02-15 22:00:20,Whatsminer M32(68T),BTC,68T,3312W,48.7W/T,0.00003770BTC,$3.68,$4.77,$-1.09,$126506.10,130%
2025-02-15 22:00:21,Antminer D7,DASH,1286G,3148W,2.4W/G,0.12771632DASH,$3.44,$4.53,$-1.09,$35.49,132%
2025-02-15 22:00:21,Avalon A911,BTC,18T,1440W,80.0W/T,0.00000998BTC,$0.9745,$2.07,$-1.10,$207775.55,213%
2025-02-15 22:00:22,Avalon A821,BTC,11.5T,1200W,104W/T,0.00000638BTC,$0.6226,$1.73,$-1.11,$270846.39,278%
2025-02-15 22:00:22,iBeLink™ DM22G,DASH,22G,810W,36.8W/G,0.00218488DASH,$0.0589,$1.17,$-1.11,$533.85,1980%
2025-02-15 22:00:22,Avalon A841,BTC,13.6T,1290W,94.9W/T,0.00000754BTC,$0.7363,$1.86,$-1.12,$246366.05,252%
2025-02-15 22:00:23,Pinidea DR-100,DASH,21G,820W,39.0W/G,0.00208557DASH,$0.0562,$1.18,$-1.12,$566.18,2100%
2025-02-15 22:00:23,INNOSILICON T3+(67T),BTC,67T,3300W,49.3W/T,0.00003715BTC,$3.63,$4.75,$-1.12,$127913.86,131%
2025-02-15 22:00:24,RTX 2060S 8 cards,ETC,336.24M,1000W,3.0W/M,0.01538147ETC,$0.3183,$1.44,$-1.12,$93.62,452%
2025-02-15 22:00:24,Antminer S9i(14T),BTC,14T,1320W,94.3W/T,0.00000776BTC,$0.7580,$1.90,$-1.14,$244948.45,251%
2025-02-15 22:00:25,iBeLink™ DM11G,DASH,11G,810W,73.6W/G,0.00109244DASH,$0.0295,$1.17,$-1.14,$1067.70,3960%
2025-02-15 22:00:25,Antminer S9j,BTC,14.5T,1350W,93.1W/T,0.00000804BTC,$0.7850,$1.94,$-1.15,$241791.04,248%
2025-02-15 22:00:26,Antminer S9,BTC,13.5T,1320W,97.8W/T,0.00000749BTC,$0.7309,$1.90,$-1.17,$253778.37,260%
2025-02-15 22:00:26,FusionSilicon X7,DASH,262G,1300W,5.0W/G,0.02601997DASH,$0.7015,$1.87,$-1.17,$71.94,267%
2025-02-15 22:00:27,Antminer T17+,BTC,64T,3220W,50.3W/T,0.00003549BTC,$3.47,$4.64,$-1.17,$130650.89,134%
2025-02-15 22:00:27,Antminer S9i(14.5T),BTC,14.5T,1365W,94.1W/T,0.00000804BTC,$0.7850,$1.97,$-1.18,$244477.61,250%
2025-02-15 22:00:28,Hummer Miner H7,BTC,31T,1984W,64.0W/T,0.00001719BTC,$1.68,$2.86,$-1.18,$166198.95,170%
2025-02-15 22:00:28,Ebit E11,BTC,30T,1950W,65.0W/T,0.00001663BTC,$1.62,$2.81,$-1.19,$168851.47,173%
2025-02-15 22:00:29,Hummer Miner H9,BTC,67T,3350W,50.0W/T,0.00003715BTC,$3.63,$4.82,$-1.19,$129851.95,133%
2025-02-15 22:00:29,Goldshell CK-Lite,CKB,6.3T,1200W,190W/T,88.07039153CKB,$0.5449,$1.73,$-1.19,$0.02,317%
2025-02-15 22:00:30,Antminer Z11,ZEC,135K,1418W,10.5W/K,0.02579668ZEC,$0.8275,$2.04,$-1.21,$79.15,247%
2025-02-15 22:00:30,INNOSILICON A10 Pro(720M),ETHW,720M,1300W,1.8W/M,0.31605003ETHW,$0.6513,$1.87,$-1.22,$5.92,287%
2025-02-15 22:00:30,Avalon A9,BTC,23T,1720W,74.8W/T,0.00001275BTC,$1.25,$2.48,$-1.23,$194258.82,199%
2025-02-15 22:00:31,Ebit E12,BTC,44T,2508W,57.0W/T,0.00002440BTC,$2.38,$3.61,$-1.23,$148013.11,152%
2025-02-15 22:00:31,INNOSILICON A10 Pro+(750M),ETC,750M,1350W,1.8W/M,0.03430914ETC,$0.7099,$1.94,$-1.23,$56.66,274%
2025-02-15 22:00:32,Ebit E9.2,BTC,12T,1320W,110W/T,0.00000665BTC,$0.6497,$1.90,$-1.25,$285834.59,293%
2025-02-15 22:00:32,Goldshell KD-Lite,KDA,16.2T,1330W,82.1W/T,1.22914286KDA,$0.6663,$1.92,$-1.25,$1.56,287%
2025-02-15 22:00:33,Antminer V9,BTC,4T,1027W,257W/T,0.00000222BTC,$0.2166,$1.48,$-1.26,$666162.16,683%
2025-02-15 22:00:33,Avalon A741,BTC,7.3T,1150W,158W/T,0.00000405BTC,$0.3952,$1.66,$-1.26,$408888.89,419%
2025-02-15 22:00:34,DragonMint T1 Miner,BTC,16T,1480W,92.5W/T,0.00000887BTC,$0.8663,$2.13,$-1.26,$240270.57,246%
2025-02-15 22:00:34,Holic H22,BTC,22T,1700W,77.3W/T,0.00001220BTC,$1.19,$2.45,$-1.26,$200655.74,206%
2025-02-15 22:00:35,RX 590 8 cards,ETC,240M,1040W,4.3W/M,0.01097892ETC,$0.2272,$1.50,$-1.27,$136.41,659%
2025-02-15 22:00:35,Whatsminer M10,BTC,33T,2145W,65.0W/T,0.00001830BTC,$1.79,$3.09,$-1.30,$168786.89,173%
2025-02-15 22:00:36,Avalon A851,BTC,14.5T,1450W,100W/T,0.00000804BTC,$0.7850,$2.09,$-1.30,$259701.49,266%
2025-02-15 22:00:36,Ebit E9i,BTC,13.5T,1418W,105W/T,0.00000749BTC,$0.7309,$2.04,$-1.31,$272619.49,279%
2025-02-15 22:00:36,Avalon 1146 Pro,BTC,63T,3276W,52.0W/T,0.00003493BTC,$3.41,$4.72,$-1.31,$135054.11,138%
2025-02-15 22:00:37,INNOSILICON T2 Miner,BTC,17.2T,1570W,91.3W/T,0.00000954BTC,$0.9312,$2.26,$-1.33,$236981.13,243%
2025-02-15 22:00:37,Antminer T17e,BTC,53T,2915W,55.0W/T,0.00002939BTC,$2.87,$4.20,$-1.33,$142824.09,146%
2025-02-15 22:00:38,Antminer D3,DASH,17G,970W,57.1W/G,0.00168832DASH,$0.0455,$1.40,$-1.35,$827.33,3069%
2025-02-15 22:00:38,Ebit E10.1,BTC,18T,1620W,90.0W/T,0.00000998BTC,$0.9745,$2.33,$-1.36,$233747.49,239%
2025-02-15 22:00:39,Avalon A921,BTC,20T,1700W,85.0W/T,0.00001109BTC,$1.08,$2.45,$-1.37,$220739.40,226%
2025-02-15 22:00:39,INNOSILICON A9++,ZEC,140K,1550W,11.1W/K,0.02675211ZEC,$0.8582,$2.23,$-1.37,$83.43,260%
2025-02-15 22:00:40,Ebit E9+,BTC,9T,1305W,145W/T,0.00000499BTC,$0.4873,$1.88,$-1.39,$376593.19,386%
2025-02-15 22:00:40,RX 470 8 cards,ETC,216M,1110W,5.1W/M,0.00988103ETC,$0.2044,$1.60,$-1.40,$161.76,782%
2025-02-15 22:00:41,Digital Eth Miner Z1,ETC,270M,1150W,4.3W/M,0.01235129ETC,$0.2556,$1.66,$-1.40,$134.08,648%
2025-02-15 22:00:41,Antminer Z9,ZEC,40.8K,1150W,28.2W/K,0.00779633ZEC,$0.2501,$1.66,$-1.41,$212.41,662%
2025-02-15 22:00:41,Whatsminer M10S(Underclocked),BTC,44T,2640W,60.0W/T,0.00002440BTC,$2.38,$3.80,$-1.42,$155803.28,160%
2025-02-15 22:00:42,RTX 3080Ti 8 cards,IRON,648M,3000W,4.6W/M,11.39079242IRON,$2.90,$4.32,$-1.42,$0.38,149%
2025-02-15 22:00:42,Avalon 1047,BTC,37T,2380W,64.3W/T,0.00002052BTC,$2.00,$3.43,$-1.43,$167017.54,171%
2025-02-15 22:00:43,INNOSILICON T2T+,BTC,32T,2200W,68.8W/T,0.00001774BTC,$1.73,$3.17,$-1.44,$178579.48,183%
2025-02-15 22:00:43,Panda B7(RX 580),ETC,230M,1150W,5.0W/M,0.01052147ETC,$0.2177,$1.66,$-1.44,$157.39,761%
2025-02-15 22:00:44,SMiner S1 Pro,ETHW,243M,1150W,4.7W/M,0.10666688ETHW,$0.2198,$1.66,$-1.44,$15.52,753%
2025-02-15 22:00:44,Bee Computing B2S,BTC,50T,2900W,58.0W/T,0.00002772BTC,$2.71,$4.18,$-1.47,$150649.35,154%
2025-02-15 22:00:45,Lemons L6,ETHW,1700M,2100W,1.2W/M,0.74622923ETHW,$1.54,$3.02,$-1.48,$4.05,197%
2025-02-15 22:00:45,Antminer T9+,BTC,10.5T,1432W,136W/T,0.00000582BTC,$0.5685,$2.06,$-1.49,$354309.28,363%
2025-02-15 22:00:46,INNOSILICON Equihash A9+ ZMaster,ZEC,120K,1550W,12.9W/K,0.02293038ZEC,$0.7356,$2.23,$-1.49,$97.34,303%
2025-02-15 22:00:46,GTX 1070 8 cards,CFX,64M,1240W,19.4W/M,2.47397444CFX,$0.2891,$1.79,$-1.50,$0.72,618%
2025-02-15 22:00:47,Greatwolf Miner B1,ETC,315M,1250W,4.0W/M,0.01440984ETC,$0.2981,$1.80,$-1.50,$124.91,604%
2025-02-15 22:00:47,Antminer S9 Hydro,BTC,18T,1728W,96.0W/T,0.00000998BTC,$0.9745,$2.49,$-1.52,$249330.66,255%
2025-02-15 22:00:47,Digital Eth Miner Z8,ETHW,550M,1400W,2.5W/M,0.24142710ETHW,$0.4975,$2.02,$-1.52,$8.35,405%
2025-02-15 22:00:48,SMiner S1,ETHW,232M,1200W,5.2W/M,0.10183834ETHW,$0.2099,$1.73,$-1.52,$16.97,823%
2025-02-15 22:00:48,Avalon 1146,BTC,58T,3248W,56.0W/T,0.00003216BTC,$3.14,$4.68,$-1.54,$145432.84,149%
2025-02-15 22:00:49,INNOSILICON T2 Turbo(T2T),BTC,24T,1980W,82.5W/T,0.00001331BTC,$1.30,$2.85,$-1.55,$214214.88,219%
2025-02-15 22:00:49,INNOSILICON T2T(30T),BTC,30T,2200W,73.3W/T,0.00001663BTC,$1.62,$3.17,$-1.55,$190499.10,195%
2025-02-15 22:00:50,Forest EPU 2-C,ETC,3600M,3500W,1.0W/M,0.16468385ETC,$3.49,$5.04,$-1.55,$30.11,144%
2025-02-15 22:00:50,GTX 1070Ti 8 cards,CFX,72M,1320W,18.3W/M,2.78322124CFX,$0.3252,$1.90,$-1.57,$0.68,584%
2025-02-15 22:00:51,Avalon 1026,BTC,35T,2415W,69.0W/T,0.00001941BTC,$1.89,$3.48,$-1.59,$179165.38,184%
2025-02-15 22:00:51,INNOSILICON T2T-25T,BTC,25T,2050W,82.0W/T,0.00001386BTC,$1.35,$2.95,$-1.60,$212987.01,218%
2025-02-15 22:00:52,P104 8 cards,CFX,68M,1350W,19.9W/M,2.62859784CFX,$0.3072,$1.94,$-1.63,$0.74,633%
2025-02-15 22:00:52,ANTSEIKO V1,ETHW,269M,1300W,4.8W/M,0.11807980ETHW,$0.2433,$1.87,$-1.63,$15.85,769%
2025-02-15 22:00:53,Ebit E9.3,BTC,16T,1760W,110W/T,0.00000887BTC,$0.8663,$2.53,$-1.66,$285727.17,293%
2025-02-15 22:00:53,INNOSILICON T3+ Miner,BTC,57T,3300W,57.9W/T,0.00003160BTC,$3.09,$4.75,$-1.66,$150379.75,154%
2025-02-15 22:00:53,GrayMiner E3,ETHW,448M,1450W,3.2W/M,0.19665335ETHW,$0.4052,$2.09,$-1.68,$10.62,515%
2025-02-15 22:00:54,SnowPanther B1+,BTC,24.5T,2100W,85.7W/T,0.00001358BTC,$1.33,$3.02,$-1.69,$222680.41,228%
2025-02-15 22:00:54,RX 480 8 cards,ETC,240M,1350W,5.6W/M,0.01097892ETC,$0.2272,$1.94,$-1.71,$177.07,856%
2025-02-15 22:00:55,RX570 8 cards,ETC,224M,1350W,6.0W/M,0.01024700ETC,$0.2120,$1.94,$-1.73,$189.71,917%
2025-02-15 22:00:55,Greatwolf Miner B1+,ETC,378M,1450W,3.8W/M,0.01729180ETC,$0.3578,$2.09,$-1.73,$120.75,584%
2025-02-15 22:00:56,INNOSILICON T3(50T),BTC,50T,3100W,62.0W/T,0.00002772BTC,$2.71,$4.46,$-1.75,$161038.96,165%
2025-02-15 22:00:56,Whatsminer M21S(54T),BTC,54T,3240W,60.0W/T,0.00002994BTC,$2.92,$4.67,$-1.75,$155831.66,160%
2025-02-15 22:00:57,Panda B3 Pro(RX 470),ETC,230M,1375W,6.0W/M,0.01052147ETC,$0.2177,$1.98,$-1.76,$188.19,910%
2025-02-15 22:00:57,Avalon 1066 Pro,BTC,55T,3300W,60.0W/T,0.00003050BTC,$2.98,$4.75,$-1.77,$155803.28,160%
2025-02-15 22:00:58,Aisen A1,BTC,23T,2100W,91.3W/T,0.00001275BTC,$1.25,$3.02,$-1.77,$237176.47,243%
2025-02-15 22:00:58,Whatsminer M21S,BTC,56T,3360W,60.0W/T,0.00003105BTC,$3.03,$4.84,$-1.81,$155826.09,160%
2025-02-15 22:00:59,Vega56 8 cards,IRON,184M,1830W,9.9W/M,3.23442254IRON,$0.8226,$2.64,$-1.82,$0.81,320%
2025-02-15 22:00:59,Aladdin L2,BTC,30T,2400W,80.0W/T,0.00001663BTC,$1.62,$3.46,$-1.84,$207817.20,213%
2025-02-15 22:00:59,GTX 1080Ti 8 cards,CFX,118.4M,1660W,14.0W/M,4.57685271CFX,$0.5349,$2.39,$-1.86,$0.52,447%
2025-02-15 22:01:00,Toddminer C1,CKB,1.55T,1380W,890W/T,21.66811220CKB,$0.1341,$1.99,$-1.86,$0.09,1482%
2025-02-15 22:01:00,Greatwolf Miner B3,ETC,550M,1650W,3.0W/M,0.02516003ETC,$0.5206,$2.38,$-1.86,$94.44,456%
2025-02-15 22:01:01,GTX 1080 8 cards,CFX,84M,1560W,18.6W/M,3.24709145CFX,$0.3795,$2.25,$-1.87,$0.69,592%
2025-02-15 22:01:01,iBeLink™ BM-K3,KDA,70T,3300W,47.1W/T,5.31111113KDA,$2.88,$4.75,$-1.87,$0.89,165%
2025-02-15 22:01:02,Lemons L3,ETC,1200M,2100W,1.8W/M,0.05489462ETC,$1.14,$3.02,$-1.88,$55.09,266%
2025-02-15 22:01:02,Hummer Miner H7 Pro(48T),BTC,48T,3120W,65.0W/T,0.00002661BTC,$2.60,$4.49,$-1.89,$168838.78,173%
2025-02-15 22:01:03,RX 580 8 cards,IRON,100M,1630W,16.3W/M,1.75783834IRON,$0.4471,$2.35,$-1.90,$1.34,525%
2025-02-15 22:01:03,StrongU STU-U6,DASH,420G,2100W,5.0W/G,0.04171140DASH,$1.12,$3.02,$-1.90,$72.50,269%
2025-02-15 22:01:04,Antminer D5,DASH,119G,1566W,13.2W/G,0.01181823DASH,$0.3186,$2.26,$-1.94,$190.81,708%
2025-02-15 22:01:04,Toddminer Combo(Eaglesong),CKB,15T,2250W,150W/T,209.6914CKB,$1.30,$3.24,$-1.94,$0.02,250%
2025-02-15 22:01:05,Avalon 1066,BTC,50T,3250W,65.0W/T,0.00002772BTC,$2.71,$4.68,$-1.97,$168831.17,173%
2025-02-15 22:01:05,INNOSILICON A5+,DASH,65G,1500W,23.1W/G,0.00645534DASH,$0.1740,$2.16,$-1.99,$334.61,1241%
2025-02-15 22:01:05,ASICminer Zeon 180K,ZEC,180K,2200W,12.2W/K,0.03439557ZEC,$1.10,$3.17,$-2.07,$92.10,287%
2025-02-15 22:01:06,Galaxy S2(RX 580),ETHW,240M,1600W,6.7W/M,0.10535001ETHW,$0.2171,$2.30,$-2.08,$21.87,1061%
2025-02-15 22:01:06,Hummer Miner H7 Pro(48T),BTC,53T,3445W,65.0W/T,0.00002939BTC,$2.87,$4.96,$-2.09,$168792.11,173%
2025-02-15 22:01:07,GTX 1060 8 cards,CFX,38.4M,1590W,41.4W/M,1.48438466CFX,$0.1735,$2.29,$-2.12,$1.54,1320%
2025-02-15 22:01:07,Whatsminer M10S,BTC,55T,3575W,65.0W/T,0.00003050BTC,$2.98,$5.15,$-2.17,$168786.89,173%
2025-02-15 22:01:08,Antminer K5,CKB,1.13T,1580W,1398W/T,15.79675277CKB,$0.0977,$2.28,$-2.18,$0.14,2328%
2025-02-15 22:01:08,INNOSILICON A11,ETC,1500M,2500W,1.7W/M,0.06861827ETC,$1.42,$3.60,$-2.18,$52.46,254%
2025-02-15 22:01:09,IceRiver KAS KS3M,KAS,6T,3400W,567W/T,24.58196600KAS,$2.66,$4.90,$-2.24,$0.20,184%
2025-02-15 22:01:09,Whatsminer M3,BTC,11.5T,2000W,174W/T,0.00000638BTC,$0.6226,$2.88,$-2.26,$451410.66,463%
2025-02-15 22:01:10,Goldshell KD6 SE,KDA,25.3T,2300W,90.9W/T,1.91958731KDA,$1.04,$3.31,$-2.27,$1.73,318%
2025-02-15 22:01:10,Fury X 8 cards,ETHW,232M,1750W,7.5W/M,0.10183834ETHW,$0.2099,$2.52,$-2.31,$24.75,1201%
2025-02-15 22:01:11,Whatsminer M3v2,BTC,12.5T,2100W,168W/T,0.00000693BTC,$0.6768,$3.02,$-2.34,$436363.64,447%
2025-02-15 22:01:11,Goldshell CK5,CKB,12T,2400W,200W/T,167.7531CKB,$1.04,$3.46,$-2.42,$0.02,333%
2025-02-15 22:01:12,Forest EPU 1-C,ETC,2800M,3600W,1.3W/M,0.12808744ETC,$2.71,$5.18,$-2.47,$39.98,191%
2025-02-15 22:01:12,GTX TitanV 8 cards,ETC,656M,2150W,3.3W/M,0.03000906ETC,$0.6209,$3.10,$-2.48,$103.17,499%
2025-02-15 22:01:13,Goldshell KD5,KDA,18T,2250W,125W/T,1.36571429KDA,$0.7404,$3.24,$-2.50,$2.37,438%
2025-02-15 22:01:13,SuperScalar K10(Blake3),ALPH,45G,1767W,39.3W/G,0.03653310ALPH,$0.0181,$2.54,$-2.52,$69.65,14032%
2025-02-15 22:01:14,ToTuRo T1,ETC,480M,2100W,4.4W/M,0.02195785ETC,$0.4543,$3.02,$-2.57,$137.72,666%
2025-02-15 22:01:14,Goldshell KD6,KDA,29.2T,2630W,90.1W/T,2.21549207KDA,$1.20,$3.79,$-2.59,$1.71,315%
2025-02-15 22:01:15,iBeLink™ BM-N3,CKB,25T,3300W,132W/T,349.4857CKB,$2.16,$4.75,$-2.59,$0.01,220%
2025-02-15 22:01:15,iBeLink™ BM-K1+,KDA,15T,2250W,150W/T,1.13809524KDA,$0.6170,$3.24,$-2.62,$2.85,525%
2025-02-15 22:01:16,Calf Miner P2(NP 102),ETHW,290M,2016W,7.0W/M,0.12729793ETHW,$0.2623,$2.90,$-2.64,$22.81,1107%
2025-02-15 22:01:16,Vega64 8 cards,IRON,208M,2550W,12.3W/M,3.65630374IRON,$0.9299,$3.67,$-2.74,$1.00,395%
2025-02-15 22:01:16,GTX TitanX 8 cards,ETC,320M,2150W,6.7W/M,0.01463856ETC,$0.3029,$3.10,$-2.80,$211.50,1022%
2025-02-15 22:01:17,iBeLink™ DM56G,DASH,56G,2100W,37.5W/G,0.00556152DASH,$0.1499,$3.02,$-2.87,$543.74,2017%
2025-02-15 22:01:17,iBeLink™ BM-N1,CKB,6.6T,2400W,364W/T,92.26421970CKB,$0.5709,$3.46,$-2.89,$0.04,605%
2025-02-15 22:01:18,R9 380 8 cards,ETC,164M,2150W,13.1W/M,0.00750226ETC,$0.1552,$3.10,$-2.94,$412.68,1994%
2025-02-15 22:01:18,Goldshell CK6,CKB,19.3T,3300W,171W/T,269.8029CKB,$1.67,$4.75,$-3.08,$0.02,285%
2025-02-15 22:01:19,GMO B3,BTC,33T,3417W,104W/T,0.00001830BTC,$1.79,$4.92,$-3.13,$268878.69,275%
2025-02-15 22:01:19,Goldshell KD MAX,KDA,40.2T,3350W,83.3W/T,3.05009525KDA,$1.65,$4.82,$-3.17,$1.58,292%
2025-02-15 22:01:20,Toddminer C1 Pro,CKB,3T,2450W,817W/T,41.93828168CKB,$0.2595,$3.53,$-3.27,$0.08,1360%
2025-02-15 22:01:20,R9 390 8 cards,ETC,240M,2550W,10.6W/M,0.01097892ETC,$0.2272,$3.67,$-3.44,$334.46,1616%
2025-02-15 22:01:21,iBeLink™ BM-N1Max,CKB,11T,3450W,314W/T,153.7737CKB,$0.9515,$4.97,$-4.02,$0.03,522%
2025-02-15 22:01:21,Bitfury Tardis B8,BTC,80T,6300W,78.8W/T,0.00004436BTC,$4.33,$9.07,$-4.74,$204508.57,209%
2025-02-15 22:01:22,Spondoolies SPx36,DASH,540G,4400W,8.1W/G,0.05362894DASH,$1.45,$6.34,$-4.89,$118.15,438%
2025-02-15 22:01:22,SnowPanther A1,BTC,49T,6200W,127W/T,0.00002717BTC,$2.65,$8.93,$-6.28,$328597.72,337%
